-- phpMyAdmin SQL Dump
-- version 5.1.1
-- https://www.phpmyadmin.net/
--
-- Host: 127.0.0.1
-- Generation Time: Apr 08, 2022 at 05:47 PM
-- Server version: 10.4.20-MariaDB
-- PHP Version: 7.4.22

SET SQL_MODE = "NO_AUTO_VALUE_ON_ZERO";
START TRANSACTION;
SET time_zone = "+00:00";


/*!40101 SET @OLD_CHARACTER_SET_CLIENT=@@CHARACTER_SET_CLIENT */;
/*!40101 SET @OLD_CHARACTER_SET_RESULTS=@@CHARACTER_SET_RESULTS */;
/*!40101 SET @OLD_COLLATION_CONNECTION=@@COLLATION_CONNECTION */;
/*!40101 SET NAMES utf8mb4 */;

--
-- Database: `bia2maghale`
--

-- --------------------------------------------------------

--
-- Table structure for table `comments`
--

CREATE TABLE `comments` (
  `id` int(11) NOT NULL,
  `text` text COLLATE utf8_persian_ci NOT NULL,
  `postid` int(11) NOT NULL,
  `userid` varchar(255) COLLATE utf8_persian_ci NOT NULL,
  `iduser` int(11) NOT NULL,
  `status` int(11) NOT NULL DEFAULT 0,
  `date` varchar(255) COLLATE utf8_persian_ci NOT NULL
) ENGINE=InnoDB DEFAULT CHARSET=utf8 COLLATE=utf8_persian_ci;

--
-- Dumping data for table `comments`
--

INSERT INTO `comments` (`id`, `text`, `postid`, `userid`, `iduser`, `status`, `date`) VALUES
(13, '<p>زیبا</p>\r\n', 1, 'admin', 6, 1, '1642105003'),
(14, '<p>خیلی مفید بود.</p>\r\n', 5, 'admin', 6, 1, '1642105024'),
(19, '<p>ggggg</p>\r\n', 13, 'admin', 6, 0, '1644160385');

-- --------------------------------------------------------

--
-- Table structure for table `contact`
--

CREATE TABLE `contact` (
  `id` int(11) NOT NULL,
  `contact` text COLLATE utf8_persian_ci NOT NULL
) ENGINE=InnoDB DEFAULT CHARSET=utf8 COLLATE=utf8_persian_ci;

--
-- Dumping data for table `contact`
--

INSERT INTO `contact` (`id`, `contact`) VALUES
(1, '<h1>راه های ارتباطی با ما:</h1>\r\n\r\n<h3>&nbsp;</h3>\r\n\r\n<p>&nbsp;</p>\r\n\r\n<h2><strong>ایمیل:</strong></h2>\r\n\r\n<h3>abolghasemi35@gmail.com</h3>\r\n\r\n<p>&nbsp;</p>\r\n\r\n<h2><strong>شماره تماس:</strong></h2>\r\n\r\n<h3>09371244518</h3>\r\n\r\n<p>&nbsp;</p>\r\n\r\n<p>&nbsp;</p>\r\n\r\n<p>&nbsp;</p>\r\n\r\n<h2><strong>مدیر و طراح سایت:</strong></h2>\r\n\r\n<h3>علیرضا ابوالقاسمی</h3>\r\n\r\n<p>&nbsp;</p>\r\n\r\n<p>&nbsp;</p>\r\n\r\n<h3>&nbsp;</h3>\r\n\r\n<p>&nbsp;</p>\r\n\r\n<h3><strong>&nbsp;</strong> اگر میخواهید در وب سایت مقاله خود را قرار دهید و تبدیل به&nbsp; &nbsp;یکی از نویسندگان ما بشوید مسیر زیر را باید طی کنید.</h3>\r\n\r\n<ol>\r\n	<li>\r\n	<h2><strong>اول درخواست خود را به وسیله ی ایمیل یا شماره تلفن گذاشته شده به صورت پیامک یا واتساپ&nbsp; ارسال نمایید.</strong></h2>\r\n	</li>\r\n	<li>\r\n	<h2><strong>پس از دریافت پاسخ از طرف ما شما باید نمونه مقاله خود را به ما ارسال نمایید.</strong></h2>\r\n	</li>\r\n	<li>\r\n	<h2><strong>اگر مقاله ارئه شده توسط شما مورد تایید قرار گیرد نام شما در نویسندگان سایت ما ثبت میشود.</strong></h2>\r\n	</li>\r\n	<li>\r\n	<h2><strong>سپس شما برای هر بار گذاشتن مقاله در سایت،مقاله خود را برای مدیر اصلی ارسال میکنید.</strong></h2>\r\n	</li>\r\n	<li>\r\n	<h2><strong>در زمانی کمتر از 24 ساعت میتوانید مقاله خود را با نام خود روی سایت مشاهده کنید.</strong></h2>\r\n	</li>\r\n</ol>\r\n\r\n<p>&nbsp;</p>\r\n');

-- --------------------------------------------------------

--
-- Table structure for table `judge`
--

CREATE TABLE `judge` (
  `id` int(11) NOT NULL,
  `text` text COLLATE utf8_persian_ci NOT NULL,
  `postid` int(11) NOT NULL,
  `userid` int(11) NOT NULL,
  `date` varchar(255) COLLATE utf8_persian_ci NOT NULL
) ENGINE=InnoDB DEFAULT CHARSET=utf8 COLLATE=utf8_persian_ci;

--
-- Dumping data for table `judge`
--

INSERT INTO `judge` (`id`, `text`, `postid`, `userid`, `date`) VALUES
(1, '<p>تست تست تست</p>\r\n', 18, 7, '1643573333'),
(6, '<p>پیام خود را وارد کنید.</p>\r\n', 18, 7, '1643574186'),
(7, '<p>پیام خود را وارد کنید.</p>\r\n', 18, 7, '1643574187'),
(8, '<p>پیام خود را وارد کنید.</p>\r\n', 18, 7, '1643574189'),
(9, '<p>پیام خود را وارد کنید.</p>\r\n', 18, 7, '1643574193'),
(12, '<p>test test test</p>\r\n', 25, 10, '1645283089');

-- --------------------------------------------------------

--
-- Table structure for table `menu`
--

CREATE TABLE `menu` (
  `id` int(11) NOT NULL,
  `title` varchar(255) COLLATE utf8_persian_ci NOT NULL,
  `sort` int(11) NOT NULL,
  `status` int(11) NOT NULL,
  `link` varchar(255) COLLATE utf8_persian_ci NOT NULL
) ENGINE=InnoDB DEFAULT CHARSET=utf8 COLLATE=utf8_persian_ci;

--
-- Dumping data for table `menu`
--

INSERT INTO `menu` (`id`, `title`, `sort`, `status`, `link`) VALUES
(1, 'php', 1, 0, 'http://localhost/shirazi.xyz/pages/search.php?post=php'),
(2, '#c', 3, 0, ''),
(18, '++c', 4, 0, 'https://www.google.com/?hl=fa'),
(19, 'مربوط به وب', 3, 1, 'http://localhost/shirazi.xyz/pages/search.php?post=%D9%88%D8%A8'),
(20, 'وب', 1, 0, 'http://localhost/shirazi.xyz/pages/search.php?post=%D9%88%D8%A8');

-- --------------------------------------------------------

--
-- Table structure for table `post`
--

CREATE TABLE `post` (
  `id` int(11) NOT NULL,
  `title` varchar(255) COLLATE utf8_persian_ci NOT NULL,
  `image` varchar(255) COLLATE utf8_persian_ci NOT NULL,
  `content` text COLLATE utf8_persian_ci NOT NULL,
  `tag` varchar(255) COLLATE utf8_persian_ci NOT NULL,
  `writer` int(11) NOT NULL,
  `date` varchar(255) COLLATE utf8_persian_ci NOT NULL,
  `status` int(11) NOT NULL DEFAULT 0
) ENGINE=InnoDB DEFAULT CHARSET=utf8 COLLATE=utf8_persian_ci;

--
-- Dumping data for table `post`
--

INSERT INTO `post` (`id`, `title`, `image`, `content`, `tag`, `writer`, `date`, `status`) VALUES
(1, 'آشنایی با بیش از 10 موتور جستجوی خصوصی که شما را ردیابی نمی کنند', 'https://s4.uupload.ir/files/848afdb240e958546c52aca1c238611d_d9pk.jpeg', '<p>آیا شما هم علاقه مند به شناختن معروف ترین موتورهای جستجوی خصوصی هستید؟ ما در این مطلب به معرفی چند موتور جستجوی خصوصی خواهیم پرداخت.</p>\r\n\r\n<p>مرور صفحات وب با استفاده از حالت های ظاهرا خصوصی در مرورگرهای عادی یا حالت ناشناس در این مرورگرها نمی تواند حریم خصوصی که فکر می کنید را برای شما به همراه داشته باشد. برای این کار باید از یک موتور جستجوی خصوصی کمک بگیرید. در واقع استفاده از مرورگرهای عادی ممکن است این حس را به شما بدهد که قابل ردیابی نیستید ولی زمانی که تبلیغات وب سایت های مختلف که مختص شما است را مشاهده می کنید متوجه می شوید که این طور نیست.</p>\r\n\r\n<p>اگر شما هم نسبت به این مسئله شک دارید باید سعی کنید&nbsp; از یک یا چند موتور جستجوی خصوصی کمک بگیرید. موتور جستجوی خصوصی موتور جستجویی است که درخواست های شما را ذخیره نمی کند یا مراحل مرور صفحات وب توسط شما را دنبال نمی کند.</p>\r\n\r\n<p>امروزه تعداد زیادی از این موتورهای جستجوی خصوصی با طیف وسیعی از ویژگی ها و امکانات وجود دارند که شما می توانید از آنها برای ایمن نگه داشتن جستجوی خود استفاده کنید. بیشتر این موتورهای جستجو از نظر ظاهری چندان زیبا نیستند ولی در واقع کاربرد آنها این است که برای جستجوی مسائل مهم امنیت شما را برقرار کنند.</p>\r\n\r\n<h2><strong>موتور جستجوی Mojeek</strong></h2>\r\n\r\n<p>Mojeek یک موتور جستجوی خصوصی بسیار ساده است که به شما اجازه می دهد تا هر چیزی را بدون تاثیر بر حریم خصوصی خود جستجو کنید. این موتور جستجو از طریق یک فناوری جستجوی بسیار پیشرفته نتایج جستجوی بسیار پیشرفته و مستقل را برای شما به همراه می آورد.</p>\r\n\r\n<p>Mojeek می تواند میلیاردها صفحه از هر موضوعی که در اینترنت وجود دارد را برای شما فهرست کند. علاوه بر این جستجوی شما هرگز ردیابی نمی شود و موتور جستجو هیچ داده ای را در مورد آدرس IP، سابقه جستجو&nbsp; یا سایر اطلاعات شما ذخیره نمی کند.</p>\r\n\r\n<p><img src=\"https://toplearn.com/img/editor/93fb21c5041b40e2b3616ce18ad5fcf6.jpg\" /></p>\r\n\r\n<h2><strong>موتور جستجوی Searx</strong></h2>\r\n\r\n<p>Searx یک موتور فراجستجوی رایگان و بسیار ساده است که نتایج جستجوی مدنظر شما را از بیش از 70 سرویس جستجو جمع آوری می کند و بدون این که امکان ردیابی را به سرویس ها بدهد این اطلاعات را در اختیار شما قرار می دهد. یکی از ویژگی های این موتور جستجوی خصوصی این است که خود یک میزبان است و می تواند با هر موتور جستجوی دیگری نیز ادغام شود.</p>\r\n\r\n<p>همچنین امکان اتصال رمزگذاری شده و بسیار امن (HTTP/SSL) را برای شما فراهم می کند و نصب و استفاده از آن نیز برای شما بسیار ساده و راحت خواهد بود. علاوه بر این باید دقت داشته باشید که این موتور جستجو به هیچ وجه اطلاعات کاربران را ذخیره نمی کند و کوکی ها به طور پیش فرض استفاده نمی شوند.</p>\r\n\r\n<p>جدای از جستجوی آنلاین توسط این موتور جستجو باید دقت داشته باشید که می توان از Searx به سرویس Tor متصل شد و از آن برای ناشناس ماندن استفاده کرد.</p>\r\n\r\n<p><img src=\"https://toplearn.com/img/editor/a80b0caffd94452a867ccc081226ee71.jpg\" /></p>\r\n\r\n<h2><strong>موتور جستجوی Swisscows</strong></h2>\r\n\r\n<p>Swisscows از جمله مهمترین و کارآمدترین موتورهای جستجوی خصوصی به شمار می آید که یک خط مشی ردیابی بدون داده دقیق دارد و هیچ سابقه جستجویی را برای کاربران ایجاد نمی کند.</p>\r\n\r\n<p>تمام جستجوهایی که از طریق این موتور جستجو انجام می شوند کاملا بی طرفانه و با استفاده از ایندکس گذاری خودش انجام می شوند. این موتور جستجو با موتور جستجوی معروف بینگ همکاری دارد و دارای تجربه زیادی در دنیای تکنولوژی می باشد. همین عامل نیز باعث می شود تا هیچ سوالی وجود نداشته باشد که Swisscows&nbsp;نتواند به آن پاسخ دهد.</p>\r\n\r\n<p>مهم ترین نکته ای که باید درباره Swisscow بدانید این است که کاملا مناسب خانواده و بسیار امن است. هیچ محتوای نامناسبی برای کودکان توسط آن ایندکس نمی شود و به همین علت نیز کودکان می توانند از آن برای پروژه های آموزشی و مدرسه خود استفاده کنند.</p>\r\n\r\n<p><img src=\"https://toplearn.com/img/editor/79e3656036ef46fb95fc86ccbdfdbd22.jpg\" /></p>\r\n\r\n<h2><strong>موتور جستجوی Qwant</strong></h2>\r\n\r\n<p>Qwant یک موتور جستجوی خصوصی بسیار جذاب است که حریم خصوصی شما را به طور کامل حفظ می کند. این موتور جستجو به کاربران خود اجازه می دهد تا بدون نگرانی درباره ردیابی یا ایندکس شدن توسط موتورهای جستجو، جستجوی خود را انجام دهند.</p>\r\n\r\n<p>نتایج جستجویی که این موتور خصوصی ارائه می دهد کاملا بی طرفانه و بدون فیلتر است و هیچ گونه تبلیغات شخصی نیز ندارد. با استفاده از آن شما می توانید آخرین اخبار و مقالات را نیز مطالعه کنید.</p>\r\n\r\n<p>Qwant تنها یک سرویس موتور جستجو نیست چرا که انواع نقشه ها و همین طور یک موتور جستجو مخصوص کودکان را نیز ارائه می دهد که برای کودکان بین 6 تا 12 سال می تواند ایده آل باشد.</p>\r\n\r\n<p><img src=\"https://toplearn.com/img/editor/123e0cf774554756adc1904522fef2ce.jpg\" /></p>\r\n\r\n<h2><strong>موتور جستجوی DuckDuckGo</strong></h2>\r\n\r\n<p>DuckDuckGo یکی از امن ترین موتورهای جستجو است که هرگز جستجوهای شما را ردیابی نمی کند و در عین حال تجربه جستجوی بسیار پیشرفته ای را به کاربران خود ارائه می دهد. این به طور خاص برای افرادی ساخته شده است که قصد دارند حریم شخصی خود را در زمان جستجو حفظ کنند. یکی از مهم ترین ویژگی های این موتور جستجو این است که نتایج فوری را بدون تبلیغات سفارشی در صفحه جستجو به کاربران خود ارائه می دهد. شاید برای شما جالب باشد که بدانید این موتور جستجو روزانه بیش از 10 میلیون جستجوی مختلف را انجام می دهد.</p>\r\n\r\n<p><img src=\"https://toplearn.com/img/editor/56ca8c8dcd984b5abbc94be0e1aa63a9.jpg\" /></p>\r\n\r\n<h2><strong>موتور جستجوی WolframAlpha</strong></h2>\r\n\r\n<p>WolframAlpha یک موتور جستجوی خصوصی بسیار جذاب است که پاسخ های بسیار دقیقی را به درخواست های جستجوی شما ارائه می دهد. این موتوری است که شما را ردیابی نمی کند و فضای امنی را برای انجام جستجوها در اختیار شما قرار می دهد.</p>\r\n\r\n<p>یکی از ویژگی های این موتور جستجو این است که محاسبات پویا را با استفاده از الگوریتم های داخلی انجام می دهد و دانش تخصصی درباره افراد، محاسبات، سلامت و دارو، پول و امور مالی، موسیقی، فیلم و ... در اختیار کاربران خود قرار می دهد.</p>\r\n\r\n<p><img src=\"https://toplearn.com/img/editor/9b0351e33d124cbab35782b7eb4a1e72.jpg\" /></p>\r\n\r\n<h2><strong>موتور جستجوی Startpage</strong></h2>\r\n\r\n<p>Startpage از جمله قوی ترین موتورهای جستجوی خصوصی است که از ردیابی شما در زمان جستجو جلوگیری کرده و از جستجوهای شما نیز محافظت می کند. این موتور جستجو یک سرور پروکسی به شما ارائه می دهد تا از شما در برابر وب سایت هایی که آدرس IP یا مکان شما را ردیابی می کنند محافظت کند. یکی از ویژگی های جذاب این موتور این است که شما می توانید آن را به مرورگرهای معروف مانند گوگل کروم یا فایرفاکس اضافه کرده و حتی تم رنگی آن را نیز تغییر داده و شخصی سازی کنید.</p>\r\n\r\n<p><img src=\"https://toplearn.com/img/editor/0191fc2ffe284df7b0ac6cd7bb39f973.jpg\" /></p>\r\n\r\n<h2><strong>موتور جستجوی Disconnect Search</strong></h2>\r\n\r\n<p>موتور جستجوی داخلی Disconnect Search از دستیار جستجوی محتوای موتورهای جستجوی معروف و اصلی مانند گوگل، یاهو و بینگ استفاده می کند اما هرگز جستجوها یا فعالیت های آنلاین یا آدرس IP شما را ردیابی نمی کند. Disconnect Search به شما اجازه می دهد تا براساس مکان خاصی جستجوی خود را انجام دهید. بنابراین شما پیش از جستجو برای شخصی سازی نتایج جستجو می توانید مکان خاصی را وارد کنید تا براساس آن نتایج برای شما ظاهر شوند. این ویژگی یکی از مهم ترین ویژگی های این موتور جستجو است که استفاده از آن می تواند مزایای بسیار زیادی را برای شما به همراه داشته باشد.</p>\r\n\r\n<p><img src=\"https://toplearn.com/img/editor/00a201e19ec145b1a3dfe6dbe15b728f.jpg\" /></p>\r\n\r\n<h2><strong>موتور جستجوی Lukol</strong></h2>\r\n\r\n<p>این موتور جستجوی خصوصی از یک سرور پروکسی برای ارائه نتایج جستجوی سفارشی شده از گوگل با استفاده از جستجوی سفارشی خود استفاده می کند ولی باید دقت داشته باشید که قابلیت ردیابی را حذف کرده و حریم خصوصی شان را حفظ می کند. Lukol به عنوان یکی از بهترین موتورهای جستجوی خصوصی شناخته می شود که با محافظت از شما در برابر سایت های گمراه کننده و نامناسب و همین طور کلاهبرداران اینترنتی فضای امنی را برای جستجوی شما در اینترنت فراهم می کند و ناشناس بودن شما در زمان جستجو را تضمین می کند.</p>\r\n\r\n<p><img src=\"https://toplearn.com/img/editor/47f720a1b28e49d79c40a4e0ec83e5f6.jpg\" /></p>\r\n\r\n<h2><strong>موتور جستجوی MetaGer</strong></h2>\r\n\r\n<p>MetaGer به شما اجازه می دهد تا جستجوهای محرمانه غیرقابل ردیابی انجام دهید که هیچ رد پایی از شما باقی نماند. همچنین یک سرور پروکسی را نیز ادغام می کند تا بتوانید هر لینکی را از صفحه نتایج جستجو باز کرده و در عین حال آدرس IP خود را از سرور مقصد مخفی نگه دارید. نکته مهم دیگری که باید درباره ویژگی های MetaGer بدانید این است که هرگز کلمات کلیدی شما را ردیابی نمی کند.</p>\r\n\r\n<p>از قرار دادن انواع تبلیغات شخص ثالث در صفحات مختلف جلوگیری کرده و تجربه بسیار خوبی را برای جستجوی شما فراهم می کند. زبان پیش فرضش نیز آلمانی است.</p>\r\n\r\n<p><img src=\"https://toplearn.com/img/editor/6cd740cf03854fff90997fbe947306cb.jpg\" /></p>\r\n\r\n<h2><strong>موتور جستجوی Gigablast</strong></h2>\r\n\r\n<p>Gigablast میلیاردها صفحات وب را ایندکس کرده و بدون ردیابی جستجوهای آنلاین یا تاریخچه جستجوهای شما اطلاعات بلادرنگ را در اختیار شما قرار می دهد. این موتور جستجو به عنوان یکی از بهترین موتورهای جستجوی خصوصی شناخته می شود که شما را به طور کامل از دید بازاریابان و ارسال کنندگان اسپم ها پنهان نگه می دارد.</p>\r\n\r\n<p>Gigablast جستجو با سفارشی سازی های خاص و پارامترهای اختیاری را به شما ارائه می دهد که از جمله این موارد می توان به جستجو براساس یک عبارت دقیق، جستجو بر اساس زبان های مختلف، اصطلاحات، انواع فایل ها و ... اشاره کرد. به همین علت است که این موتور جستجوی خصوصی می تواند یک گزینه ایده آل برای استفاده شما باشد.</p>\r\n\r\n<p><img src=\"https://toplearn.com/img/editor/7f90ff3beee144f59fcd5de000b062b4.jpg\" /></p>\r\n\r\n<h2><strong>موتور جستجوی Oscobo</strong></h2>\r\n\r\n<p>Oscobo یک موتور جستجوی ناشناس است که اجازه هرگونه ردیابی در فضای وب را نمی دهد. این موتور جستجو به هیچ وجه داده های کاربر را ذخیره و بازیابی نمی کند و به هیچ شخص ثالثی نیز اجازه هک یا سوءاستفاده از داده های کاربران را نمی دهد. دقیقا مانند سایر موتورهای جستجوی خصوصی که در این مطلب معرفی کردیم این موتور جستجوی خصوصی نیز به شما اجازه می دهد تا انواع اطلاعات، تصاویر، ویدئوها، اخبار و ... را جستجو کنید. علاوه بر این باید دقت داشته باشید که این ابزار یک افزونه برای مرورگر کروم را نیز به شما ارائه می دهد که در صورت نیاز می توانید از آن استفاده کنید.</p>\r\n\r\n<p><img src=\"https://toplearn.com/img/editor/d4c62f859bee4bb789f730f8c4002882.jpg\" /></p>\r\n\r\n<h2><strong>موتور جستجوی Gibiru</strong></h2>\r\n\r\n<p>Gibiru یک موتور جستجوی بدون سانسور است که به بهترین شکل ممکن رمزنگاری شده است تا از درز اطلاعات کاربران برای شخص ثالث جلوگیری کند. یکی از مهم ترین ویژگی های این موتور جستجوی خصوصی این است که از سایر موتورهای جستجویی که در این زمینه وجود دارند سریع تر است چرا که از جستجوی سفارشی گوگل برای ارائه خدمات خود استفاده می کند. با این حال نباید فراموش کرد که این موتور جستجو تمامی روش های ردیابی کاربران که توسط گوگل مورد استفاده قرار می گیرد را حذف می کند و نیازی به نگرانی در این زمینه توسط کاربران وجود ندارد.</p>\r\n\r\n<p>علاوه بر این به خاطر داشته باشید یک نوار جستجوی رایگان برای فایرفاکس و کروم را نیز به شما ارائه می دهد که به شما کمک می کند تا جستجوی ناشناس خود را به صورت مستقیم با استفاده از مرورگر خودتان انجام دهید.</p>\r\n\r\n<p><img src=\"https://toplearn.com/img/editor/9d52b828874d4f7bb1241f785bdbd6de.jpg\" /></p>\r\n\r\n<h2><strong>Hulbee</strong></h2>\r\n\r\n<p>پیش از هر چیز دقت داشته باشید که این سرویس در حال حاضر قطع شده است. Hulbee یک راه حل جستجوی خصوصی است که جستجوهای فوری را به شما ارائه می دهد بدون این که سابقه جستجوی شما را ذخیره کرده یا موقعیت شما را ردیابی کند. Hulbee اطلاعات بسیار هوشمندانه ای را به کاربران خود ارائه می دهد اما هرگز اطلاعات بازدیدکنندگان و کاربران خود را تجزیه و تحلیل یا ذخیره نمی کند.</p>\r\n\r\n<p>جستجوهایی که شما انجام می دهید همگی برای افزایش امنیت در برابر حملات واسطه ها رمزگذاری می شوند. از جمله ویژگی هایی که این ابزار به شما ارائه می دهد می توان به انتخاب یک موقعیت مکانی برای پیدا کردن مرتبط ترین نتایج جستجو و قابلیت پاک کردن فعالیت به طور کامل اشاره کرد.</p>\r\n\r\n<h2><strong>Yippy&nbsp;</strong></h2>\r\n\r\n<p>Yippy نیز در حال حاضر قطع شده است و سرویسی را به کاربران ارائه نمی دهد. با استفاده از Yippy شما می توانید نتایج جستجو را از جهات مختلف به صورت دستی دسته بندی کنید و هر نتیجه نامناسبی را نیز علامت گذاری کنید. برخلاف برخی از موتورهای جستجو Yippy امکان جستجو در انواع مختلف محتوا از جمله صفحات وب، تصاویر، اخبار، مشاغل، وبلاگ ها، داده های دولتی و ...&nbsp; را برای شما فراهم می کند.</p>\r\n\r\n<p>Yippy همچنین به شما اجازه می دهد تا صفحات کش را مانند گوگل مشاهده کنید و نتایج را با استفاده از معیارهای مختلف فیلتر کنید.</p>\r\n\r\n<h2><strong>&nbsp;Privatelee</strong></h2>\r\n\r\n<p>این سرویس نیز در حال حاضر قطع شده است. Privatelee می تواند یک جستجوی امن و با استفاده از فیلترهای سخت گیرانه را برای شما فراهم کند. این موتور جستجو می تواند کلمات کلیدی که شما جستجو کرده اید را پنهان کند تا از ردیابی شما با استفاده از این کلمات کلیدی جلوگیری کند.&nbsp;</p>\r\n', 'موتور جستجو , وب , وبسایت , مرورگر', 1, '1642107207', 1),
(5, 'چگونه به عنوان یک برنامه نویس درآمد بیشتری داشته باشیم؟', 'https://s4.uupload.ir/files/dollorpic_bou9.jpg', '<p>آیا شما هم علاقه مند به افزایش درآمد خود به عنوان یک برنامه نویس هستید؟ در این مطلب درباره استراتژی های افزایش درآمد برای برنامه نویسان صحبت می کنیم.</p>\r\n\r\n<p>برنامه نویس بودن می تواند برای هر کسی فوق العاده باشد. در این شغل نه تنها شما اکثر مواقع سرگرم هستید بلکه فرصت های شغلی زیادی برای شما وجود دارد که اکثر آنها نیز دارای حقوق و درآمد بالایی هستند. با این حال برخی از مواقع ممکن است شما نیاز به درآمد بیشتری داشته باشید. ممکن است شما در دوران تحصیل خود باشید و به جای این که در یک شرکت استخدام شوید علاقه مند هستید تا به عنوان یک برنامه نویس برای خودتان کار کنید یا این که ممکن است یک فرزند داشته باشید و علاقه مند باشید تا زمان بیشتری را با او بگذرانید و به همین علت نمی توانید در شرکت ها کار کنید و باید برای خودتان کار کنید. شما به عنوان یک برنامه نویس هرآنچه که برای افزایش درآمد نیاز دارید را در اختیار دارید. مغزتان، لپ تاپ و اینترنت تنها چیزهایی هستند که شما به آنها نیاز دارید. برای افزایش درآمد برنامه نویسی می توانید استراتژی هایی که در ادامه بیان می کنیم را بررسی کنید تا متوجه شوید که کدام یک می توانند برای شما گزینه بهتری باشند.</p>\r\n\r\n<h2><strong>به عنوان یک برنامه نویس، فریلنسری را آغاز کنید</strong></h2>\r\n\r\n<p>فریلنسرینگ می تواند برای شما بسیار مفید باشد. شما می توانید بدون داشتن یک رئیس برای خودتان کار کنید، تعداد زیادی پروژه وجود دارد که می توانید هر یک از آنها را انتخاب کنید، افرادی که تخصص زیادی دارند معمولا درآمد زیادی نیز از این طریق به دست می آورند، شما می توانید تعطیلات زیادی در طول سال داشته باشید و بسیاری از مزایای دیگر که باعث می شود تا فریلنسینگ یک شغل بسیار مفید باشد.</p>\r\n\r\n<p>با این حال شما برای پیدا کردن مشتری و پروژه جدید باید نظم و انضباط زیادی داشته باشید. یکی از بزرگ ترین مزایای این شغل این است که شما می توانید در کنار شغل اصلی خود در زمان های آزادی که دارید یا در تعطیلات پروژه انجام دهید.</p>\r\n\r\n<p><img src=\"https://toplearn.com/img/editor/e52c4111db164f87bc1ab8f39a0becce.jpg\" /></p>\r\n\r\n<h2><strong>کار روی پروفایل لینکدین</strong></h2>\r\n\r\n<p>یک استراتژی بهتر برای شروع کار به عنوان یک فریلنسر این است که روی پروفایل لینکدین خود کار کنید. سعی کنید با استخدام کنندگان و مشتریان قبلی خود ارتباط بگیرید، در کنفرانس ها و جلسات مختلف شرکت کنید و به دنبال پلتفرم هایی باشید که امکان کار کردن از راه دور را برای شما فراهم می کنند.</p>\r\n\r\n<p><img src=\"https://toplearn.com/img/editor/d94fea873e6348559acac13cc5d4ef0e.jpg\" /></p>\r\n\r\n<h2><strong>در مسابقات کدنویسی شرکت کنید</strong></h2>\r\n\r\n<p>بله این موضوع کاملا واقعی است. پلتفرم های اختصاصی وجود دارند که مسابقات برنامه نویسی را با جایزه های واقعی برگزار می کنند. یکی از بزرگترین این پلتفرم ها پلتفرم Topcoder است که بیش از یک میلیون عضو دارد و هر ساله مسابقات زیادی را در این زمینه برگزار می کند. این پلتفرم دارای سه محور اصلی طراحی، توسعه و علم داده است.</p>\r\n\r\n<p>شما می توانید روی پروژه های واقعی کار کنید که توسط بیش از 2000 نفر دیگر نیز انجام می شوند یا این که می توانید در مسابقات تک نفره شرکت کنید و با حریفان خود رقابت کنید. این کار به شما تضمین می دهد که منحنی یادگیری خود را بهبود دهید و خیلی سریع مهارت های خود را بهبود دهید.</p>\r\n\r\n<p>اگر به چالش های برنامه نویسی علاقه مند هستید این مسابقات می توانند برای شما بسیار جذاب و هیجان انگیز باشند. با این حال نباید فراموش کنید که این مسابقات دارای رقابت شدیدی هستند و شما نمی توانید انتظار درآمد ثابتی از آنها داشته باشید.</p>\r\n\r\n<p><img src=\"https://toplearn.com/img/editor/444d94b41a7a44c9a84386719d59634b.jpg\" /></p>\r\n\r\n<h2><strong>نوشتن مطلب را آغاز کنید</strong></h2>\r\n\r\n<p>نوشتن مطلب می تواند یکی از بهترین راه ها برای رسیدن به مخاطبان گسترده باشد. فرصت های زیادی برای شروع نوشتن مطلب و کسب درآمد از این طریق وجود دارد که از جمله آنها می توان به موارد زیر اشاره کرد:</p>\r\n\r\n<p>-&nbsp; &nbsp; &nbsp; &nbsp; &nbsp; می توانید وبلاگ خود را راه اندازی کنید و با استفاده از تبلیغات اقدام به کسب درآمد کنید.</p>\r\n\r\n<p>-&nbsp; &nbsp; &nbsp; &nbsp; &nbsp; می توانید کتاب یا کتاب الکترونیکی بنویسید و آنها را به صورت رایگان بفروشید.</p>\r\n\r\n<p>-&nbsp; &nbsp; &nbsp; &nbsp; &nbsp; می توانید در برخی پلتفرم ها مطلب بنویسید و در پلتفرم های مشارکتی آنها شرکت کنید.</p>\r\n\r\n<p>-&nbsp; &nbsp; &nbsp; &nbsp; &nbsp; می توانید در سایت های استخدام به صورت مهمان پست ایجاد کنید. در صورت قبول شدن محتوای شما این سایت ها معمولا درآمد خوبی دارند.</p>\r\n\r\n<p>هیچ اشکالی ندارد که همه چیز را امتحان کنید و ببینید مردم چگونه به آنچه که می نویسید واکنش نشان می دهند. امروزه بسیاری از برنامه نویسان در پلتفرم های مختلف مطلب می نویسند و درآمد خوبی کسب می&zwnj;کنند.</p>\r\n\r\n<p>با این حال نباید فراموش کنید که شما حتما باید در زمینه ای مطلب بنویسید که به آن علاقه دارید (این امر باعث می شود تا شما با انگیزه بمانید). سعی کنید به طور مداوم به نوشتن ادامه دهید و روز به روز مهارت های نوشتاری خود را ارتقاء دهید. نوشتن مقالات باکیفیت به شما کمک می کند تا بتوانید بازدید مطالب خود را چندین برابر کنید.</p>\r\n\r\n<p><img src=\"https://toplearn.com/img/editor/216343aedf684712a51d65c08639692b.jpg\" /></p>\r\n\r\n<h2><strong>ضبط و فروش دوره های آنلاین</strong></h2>\r\n\r\n<p>توانایی آموزش آنلاین به افراد یکی از مهم ترین مهارت هایی است که شما می توانید به عنوان برنامه نویس داشته باشید. این مهارت ها در سال های اخیر ظهور پیدا کرده اند و حداقل یک دهه دیگر نیز ادامه پیدا خواهند کرد.</p>\r\n\r\n<p>مزایای این دوره ها هم برای دانش آموزان و هم برای معلمان است. دانشجویان می توانند از میان طیف گسترده ای از انتخاب هایی که دارند بهترین گزینه را انتخاب کنند و مدرسان نیز می توانند با استفاده از این دوره ها درآمدزایی کنند.</p>\r\n\r\n<p>اگر شما به عنوان یک برنامه نویس تجربه یا دانش تخصصی در زمینه جاوا اسکریپت، پایتون یا هر زبان و فریم ورک دیگری دارید می توانید به دیگران آموزش دهید و از این مسئله نهایت لذت را ببرید. ایجاد دوره های آنلاین و فروش آنها می تواند درآمد خوبی را برای شما داشته باشد.</p>\r\n\r\n<p>پلتفرم های زیادی برای انتشار این دوره ها وجود دارند که از جمله معروف ترین آنها می توان به سایت udemy اشاره کرد. این سایت دارای 75 میلیون بازدید در ماه است و می تواند یکی از بهترین گزینه ها برای انتشار دوره شما باشد. البته پلتفرم های داخلی دیگری نیز وجود دارند که شما می توانید از آنها استفاده کنید.</p>\r\n\r\n<p><img src=\"https://toplearn.com/img/editor/34172b4b79364e53b1668395a6e675af.jpg\" /></p>\r\n\r\n<h2><strong>نکاتی مهم برای ضبط دوره به عنوان یک برنامه نویس</strong></h2>\r\n\r\n<p>در زمان ضبط دوره های خود به عنوان یک برنامه نویس حتما به نکات زیر توجه داشته باشید:</p>\r\n\r\n<p>-&nbsp; &nbsp; &nbsp; &nbsp; &nbsp; روی تجهیزات خوب سرمایه گذاری کنید: سعی کنید میکروفن و وبکم خوبی را برای خود خریداری کنید.</p>\r\n\r\n<p>-&nbsp; &nbsp; &nbsp; &nbsp; &nbsp; محتوایی که کیفیت بالایی داشته باشد برنده است. امروزه رقابت در این زمینه به میزان زیادی افزایش پیدا کرده است، بنابراین شما باید کاربران را متقاعد کنید که می توانید چیزهای خوبی را به آنها آموزش دهید.</p>\r\n\r\n<p>-&nbsp; &nbsp; &nbsp; &nbsp; &nbsp; صحبت کردن با صدای بلند و واضح را تمرین کنید.</p>\r\n\r\n<p>-&nbsp; &nbsp; &nbsp; &nbsp; &nbsp; سعی کنید علاوه بر مطالب آموزشی فایل های پروژه های مختلف، یادداشت ها و ... را نیز به کاربران خود ارائه دهید.</p>\r\n\r\n<p>-&nbsp; &nbsp; &nbsp; &nbsp; &nbsp; سعی کنید به صورت مرتب دوره های خود را به روز کنید.</p>\r\n\r\n<p><img src=\"https://toplearn.com/img/editor/fa486c364c924b76a661c43f46517b49.png\" /></p>\r\n\r\n<h2><strong>پادکست های برنامه نویسی بسازید</strong></h2>\r\n\r\n<p>بسیاری از مردم دوست ندارند که جلوی دوربین باشند ولی در یک زمینه خاص تخصص زیادی دارند و علاقه مند هستند تا دانش خود را با سایر افراد نیز به اشتراک بگذارند.</p>\r\n\r\n<p>بدون شک پادکست ها یک رسانه عالی برای انجام این کار هستند. با وجود آن که پادکست ها چندین سال است که وجود دارند ولی در چهار الی پنج سال اخیر محبوبیت زیادی را به دست آورده اند. امروزه میلیون ها نفر زمانی که صبح ها به محل کار خود می روند یا این که شب ها به خانه خود باز می گردند به پادکست گوش می دهند.</p>\r\n\r\n<p><img src=\"https://toplearn.com/img/editor/106414d608ef4c438b8707b5caaea0e9.jpg\" /></p>\r\n\r\n<h2><strong>نکاتی مهم درباره پادکست ها برای یک برنامه نویس</strong></h2>\r\n\r\n<p>امروزه بیشتر پادکست هایی که وجود دارند به صورت رایگان نیز قابل دسترس هستند. پلتفرم های مختلفی وجود دارند که پادکست های شما را منتشر کرده و براساس میزان محبوبیت آنها هزینه ای را به شما پرداخت می کنند. برای موفقیت در یک پادکست شما باید بتوانید خودتان را به خوبی بیان کنید. سعی کنید روی تجهیزات صوتی خود سرمایه گذاری کنید و میکروفن خوبی را برای خودتان خریداری کنید. علاوه بر این داشتن استقامت در ضبط پادکست ها نیز می تواند برای شما بسیار مفید و کاربردی باشد. توجه کنید این کاملا عادی است که شما برای یک یا دو سال به صورت هفتگی پادکست های خود را ضبط کنید تا در نهایت بتوانید با استفاده از نظرتان شنوندگان خود کیفیت پادکست هایتان را بهبود دهید.</p>\r\n\r\n<p><img src=\"https://toplearn.com/img/editor/75829b27b393458ca0e777b3b42062ee.jpg\" /></p>\r\n\r\n<h2><strong>صحبت پایانی</strong></h2>\r\n\r\n<p>برای داشتن درآمد بالا به عنوان یک برنامه نویس مهم نیست که از کدام روش استفاده کنید. شما باید استراتژی که انتخاب می کنید را دنبال کرده و در آن استقامت داشته باشید. با صرف زمان و انرژی کافی در 99 درصد مواقع شما می توانید موفق شوید و درآمد اضافی را به عنوان یک برنامه نویس داشته باشید و از زندگی خود لذت ببرید.</p>\r\n', 'php , برنامه نویسی , دلار , درآمددلاری', 1, '1641815891', 1),
(6, 'نقشه راه توسعه دهنده وب در سال 2021', 'https://s4.uupload.ir/files/frontend_webdeveloper_t3sw.jpg', '<p>آیا شما هم قصد تبدیل شدن به یک توسعه دهنده وب را دارید؟ در این مطلب قصد داریم نقشه راه کاملی برای تبدیل شدن به یک توسعه دهنده وب را به شما ارائه دهیم.</p>\r\n\r\n<p>اگر شما هم یک توسعه دهنده وب هستید یا این که قصد دارید تبدیل به یک توسعه دهنده وب شوید احتمالا به دنبال یک نقشه راه کامل برای این کار هستید. ما در این مطلب قصد داریم یک نقشه راه جامع و کامل برای تبدیل شدن به یک توسعه دهنده وب و برنامه نویس را در اختیار شما قرار دهیم. فرقی نمی کند که شما قصد تبدیل شدن به یک توسعه دهنده بک اند، فرانت اند یا برنامه نویس DevOps را داشته باشید. در هر صورت می توانید از این نقشه راه استفاده کنید تا مسیر شغلی خود را بیابید و مهارت هایی که برای فعالیت در این فضا نیاز دارید را بیاموزید. پس با ما در ادامه این مطلب همراه باشید.</p>\r\n\r\n<h2><strong>آشنایی با توسعه دهنده فرانت اند</strong></h2>\r\n\r\n<p>پیش از آن که بخواهیم درباره این نقشه راه صحبت کنیم اجازه دهید تا منظور خود از هر یک از توسعه دهندگان فرانت اند، بک اند و برنامه نویس DevOps را بیان کنیم و متوجه شویم که مفهوم توسعه دهندگی در هر یک از این موضوعات چیست؟</p>\r\n\r\n<p>یک توسعه دهنده فرانت اند هر آن چه که کاربران در ابتدا در مرورگر یا برنامه خود مشاهده می کنند را مدیریت می کنند. آنها مسئول ظاهر و همین طور طراحی بخش های مختلف سایت هستند. یک توسعه دهنده وب فرانت اند بیشتر بر روی سمت کلاینت روند توسعه دهندگی تمرکز دارد.</p>\r\n\r\n<p>توسعه دهنده وب فرانت اند کدها و طراحی سایت و برنامه را تحلیل کرده و آن را اشکال زدایی و دیباگ می کند و در کنار آن توجه ویژه ای به تجربه کاربری اپلیکیشن دارد. از جمله زبان های رایج فرانت اند می توان به HTML، CSS و جاوا اسکریپت اشاره کرد.</p>\r\n\r\n<p>با توجه به اطلاعات سایت PayScale متوسط حقوق اولیه برای توسعه دهنده وب فرانت اند 67 هزار دلار در سال است. توجه داشته باشید که این حقوق بین 42 تا 108 هزار دلار می باشد که مقدار دقیق آن به تجربه، موقعیت و نوع صنعتی که در آن فعالیت دارید بستگی دارد.</p>\r\n\r\n<p><img src=\"https://toplearn.com/img/editor/61a8bf6475044818902bc692352592ab.jpg\" /></p>\r\n\r\n<h2><strong>توسعه دهنده وب بک اند کیست؟</strong></h2>\r\n\r\n<p>توسعه بک اند به بخش سرور از مراحل توسعه یک سایت یا اپلیکیشن گفته می شود که شما به عنوان یک توسعه دهنده وب بک اند مشخص می کنید که سرور دقیقا چه کاری را باید انجام دهد. توسعه دهندگی بک اند در واقع به سمت سرور از یک اپلیکیشن اشاره دارد اصلی ترین وظیفه آن نیز برقراری ارتباط بین هر آنچه که در پایگاه داده قرار دارد و مرورگر است.</p>\r\n\r\n<p>به طور کلی این دسته از توسعه دهندگان وب روی سه بخش مهم از اپلیکیشن تمرکز دارند:</p>\r\n\r\n<p>-&nbsp;سرور</p>\r\n\r\n<p>-&nbsp;اپلیکیشن</p>\r\n\r\n<p>-&nbsp;پایگاه داده</p>\r\n\r\n<p>کدی که توسط توسعه دهنده وب بک اند نوشته می شود کدی است که اطلاعات پایگاه داده را به مرورگر منتقل می کند. برخی از زبان های محبوب برای توسعه بک اند شامل زبان هایی مانند روبی، پی اچ پی، جاوا، .NET و پایتون هستند.</p>\r\n\r\n<p>براساس اطلاعات سایت PayScale متوسط حقوق اولیه برای توسعه دهنده وب بک اند تقریبا 70 هزار دلار در سال است. این حقوق بین 38 هزار تا 117 هزار دلار در سال است که مقدار آن به تجربه، موقعیت و صنعتی که در آن فعالیت دارید بستگی دارد.</p>\r\n\r\n<p><img src=\"https://toplearn.com/img/editor/4c20dd01f41a489e9263ce28f94ace5e.jpg\" /></p>\r\n\r\n<h2><strong>مهندس DevOps کیست؟</strong></h2>\r\n\r\n<p>مهندس DevOps شخصی است که چرخه عمر توسعه نرم افزار را درک می کند و درک کاملی از ابزارهای مختلف اتوماسیون برای توسعه خطوط دیجیتال دارد.</p>\r\n\r\n<p>از جمله مهم ترین مهارت های یک مهندس DevOps می توان به موارد زیر اشاره کرد:</p>\r\n\r\n<p>-&nbsp;آشنایی با پلتفرم های مبتنی بر کلود( مانند پلتفرم های AWS، Azure و GCP)</p>\r\n\r\n<p>-&nbsp;مدیریت تنظیمات و پیکربندی ها و ابزارهای مستقر سازی کد مانند Puppet، Ansible، Chef، Terraform و ...</p>\r\n\r\n<p>-&nbsp;داشتن تجربه کافی در زمینه توسعه پایپ لاین های CI/ CD</p>\r\n\r\n<p>از جمله نقش های مهم مهندس DevOps می توان به موارد زیر اشاره کرد:</p>\r\n\r\n<p>-&nbsp;مدیر انتشار اپلیکیشن</p>\r\n\r\n<p>-&nbsp;کارشناس اتوماسیون</p>\r\n\r\n<p>- توسعه دهنده نرم افزار و تست کننده آن</p>\r\n\r\n<p>- تضمین کیفیت</p>\r\n\r\n<p>-&nbsp;مهندس امنیت</p>\r\n\r\n<p>Go، پایتون، اسکالا، روبی و سی از بهترین زبان های برنامه نویسی برای تیم های DevOps به شمار می آیند. بر اساس اطلاعات سایت PayScale متوسط حقوق اولیه برای توسعه دهندگان و برنامه نویسان DevOps صد هزار دلار در سال است. این مقدار بین 80 هزار دلار تا 150 هزار دلار است و مقدار دقیق آن برحسب تجربه، موقعیت و صنعت متغیر است.&nbsp;</p>\r\n\r\n<p><img src=\"https://toplearn.com/img/editor/2623c88db4324bdb85f56dccc7738324.jpg\" /></p>\r\n\r\n<h2><strong>مهارت های مورد نیاز برای توسعه دهنده وب</strong></h2>\r\n\r\n<p>از جمله مهمترین مهارت های مورد نیاز شما به عنوان یک توسعه دهنده وب می توان به مواردی مانند مهارت های کار کردن با گیت برای کنترل ورژن، API های SSH، HTTP و HTTPs، دستورات پایه ای لینوکس، ساختمان داده ها و الگوریتم ها اشاره کرد.</p>\r\n\r\n<p><img src=\"https://toplearn.com/img/editor/3d3b9d7297b641d29475490f56e53642.jpg\" /></p>\r\n\r\n<h2><strong>نکاتی درباره توسعه دهنده وب بک اند</strong></h2>\r\n\r\n<p>در دنیای توسعه وب بیشتر توسعه دهندگان بک اند بیشترین نگرانی را درباره منطق پشت اپلیکیشن ها دارند. در واقع آنها باید نگران درست کار کردن بخش های منطقی برنامه باشند. توسعه دهندگان فرانت اند یک رابط کاربری را ایجاد می کنند ولی وظیفه توسعه دهنده وب بک اند این است که کدی بنویسد که باعث شود تا تمامی این کدها به درستی کار کنند.</p>\r\n\r\n<p>به عنوان مثال یک توسعه دهنده فرانت اند ممکن است صفحه ای را در یک برنامه ایجاد کرده و سپس یک دکمه را در آن قرار دهد که برای دریافت اطلاعات مشتری مورد استفاده قرار می گیرد. یک توسعه دهنده وب بک اند وظیفه دارد تا کدی بنویسد که باعث فعال شدن آن دکمه شود و علاوه بر این بفهمد چه داده هایی را باید از پایگاه داده مربوط به مشتریان دریافت کرده و آنها را به صفحه اصلی منتقل کند و با استفاده از کدهایی که توسعه دهنده فرانت اند نوشته است این اطلاعات را نمایش دهد.</p>\r\n\r\n<p>یک توسعه دهنده بک اند ممکن است به شدت در معماری یک سیستم نیز دخیل باشد و تصمیم بگیرد که چگونه منطق یک سیستم را سازماندهی کند تا بتوان آن را به درستی حفظ و اجرا کرد. این توسعه دهنده ممکن است در ایجاد فریم ورک ها یا معماری یک سیستم مشارکت داشته باشد تا برنامه ریزی برای منطق برنامه را ساده تر کند. توسعه دهندگان بک اند نسبت به توسعه دهندگان فرانت اند تمایل بیشتری به اجرای انواع الگوریتم ها و توانایی حل مسئله دارند.</p>\r\n\r\n<p><img src=\"https://toplearn.com/img/editor/eeed959e41f7402d85ae85b72a7015e1.jpg\" /></p>\r\n\r\n<h2><strong>نکاتی درباره مهندسان DevOps</strong></h2>\r\n\r\n<p>DevOps که در واقع ترکیبی از توسعه دهندگی و عملیات است یک فرهنگ، جنبش یا عمل است که بر روی همکاری و ارتباط توسعه دهندگان نرم افزار و سایر افراد متخصص در حوزه IT تاکید دارد. این کار باعث می شود تا فرایند تحویل نرم افزار و تغییرات مورد نیاز برای زیر ساخت ها به طور کامل خودکارسازی شود. هدف از این عمل ایجاد فرهنگ و محیطی است که در آن ساخت، آزمایش و انتشار می تواند سریع تر و به صورت مکرر صورت گیرد.</p>\r\n\r\n<p><img src=\"https://toplearn.com/img/editor/114f36cf296e456893128b6b831af0f9.jpg\" /></p>\r\n\r\n<h2><strong>توسعه دهنده وب فرانت اند</strong></h2>\r\n\r\n<p>توسعه دهندگان فرانت اند از HTML، CSS و جاوا اسکریپت برای کدنویسی وب سایت و اپلیکیشن های تحت وب استفاده می کنند تا طراحی های مورد نیاز در سایت را انجام دهند. کدی که این توسعه دهندگان می نویسند در مرورگر کاربران اجرا می شود( برخلاف کدهای بک اند که در سمت سرور اجرا می شود). برای توضیح بیشتر در خصوص این توسعه دهندگان می توانید این چنین در نظر بگیرید:</p>\r\n\r\n<p>توسعه دهنده بک اند در واقع مانند مهندسی است که سیستم ها و زیرساخت های کلی یک شهر را می سازد( مانند آب، برق، گاز و ...) و این در حالی است که توسعه دهنده فرانت اند شخصی است که خیابان ها را طراحی می کند و مطمئن می شود که همه چیز به درستی کار می کند و تمامی بخش ها به درستی به یکدیگر متصل شده اند.</p>\r\n\r\n<p>این توسعه دهندگان همچنین وظیفه دارند تا اطمینان حاصل کنند که هیچ مشکل و خطایی در سمت فرانت اند وجود ندارد و مطمئن می شوند که این طرح در پلتفرم ها و مرورگرها مختلف به صورت یکسانی اجرا می شوند.</p>\r\n', 'توسعه دهنده , web developer , وب , وبسایت , توسعه دهنده وب', 1, '1642024669', 1),
(7, 'نکاتی برای راه‌اندازی مشاغل فریلنسر ', 'https://s4.uupload.ir/files/freelancerrr_bhuc.jpg', '<p>کار فریلنسری می&zwnj;تواند راهی فوق&zwnj;العاده برای کسب درآمد باشد. اما اگر به روش صحیح آن را انجام ندهید، می&zwnj;تواند بسیار دشوار باشد.</p>\r\n\r\n<p>برای زندگی کردن به عنوان یک فریلنسر بیش از یک اتصال اینترنتی ثابت لازم است. برای کسب درآمد هنگفت، باید وقت گذاشته و هر آنچه که برای فروش خدمات خود لازم دارید را بدانید.</p>\r\n\r\n<p><strong>آیا فریلنسرینگ برای شما مناسب است؟</strong></p>\r\n\r\n<p>آینده فریلنسرینگ روشن است. تعداد افرادی که برای خود کار می&zwnj;&zwnj;کنند به طور پیوسته و با سرعتی بالاتر از استخدام کارمندان در حال رشد است.</p>\r\n\r\n<p>همیشه همه چیز آن طور که در ابتدا به نظر می&zwnj;رسد ساده نیست. برای به دست آوردن اعتماد مشتریان بالقوه و جلب اعتماد آن&zwnj;ها زمان لازم است. و اگر می&zwnj;خواهید با شرکت &zwnj;های بزرگ یا افراد مشهور کار کنید، این روند حتی سخت&zwnj;تر می&zwnj;شود.</p>\r\n\r\n<p><strong>مطمئن شوید که می&zwnj;خواهید برای خودتان کار کنید</strong></p>\r\n\r\n<p>اولا شما باید مستقل باشید. طبیعت فریلنسرینگ این است که شما برای خودتان کار می&zwnj;کنید. اگر قبلا هرگز به این روش کار نکرده&zwnj;اید، می&zwnj;تواند در ابتدا تجربه سختی برای شما باشد.</p>\r\n\r\n<p>چه طراح وب باشید، چه توسعه دهنده، یا تولیدکننده محتوا، این فرصت را دارید که روی پروژه&zwnj;هایی کار کنید که واقعا به آن&zwnj;ها اهمیت می&zwnj;دهید. و هنگامی که کاری به درستی پیش می&zwnj;رود، شما تحسین خواهید شد و اگر این اتفاق نیفتد سرزنش خواهید شد. در هر صورت، اگر فریلنسر هستید، هر اتفاقی نتیجه مستقیم تلاش&zwnj;های شما است.</p>\r\n\r\n<p><strong>چگونه می&zwnj;توان مشتریان خود را پیدا کرد</strong></p>\r\n\r\n<p>بسیاری از فریلنسرهای تازه کار اهمیت بازار برای کار کردن به عنوان فریلنسر را دست کم می&zwnj;گیرند. شما تا حدی می&zwnj;توانید با وقت گذاشتن برای نشان دادن نحوه انجام کار خود به مشتریان بالقوه، خودتان را حرفه&zwnj;ای تر و محترم&zwnj;تر جلوه دهید.</p>\r\n\r\n<p>این فقط در مورد ترسیم چند مدل اولیه، ارسال آن&zwnj;ها به مشتریان، و انتظار برای دریافت پول نقد نیست. مهارت، خلاقیت، و پیشرفت همه به یک اندازه مهم هستند تا به یک فریلنسر موفق تبدیل شوید.</p>\r\n\r\n<p>ما می&zwnj;توانیم همه ی روز را در مورد بهترین شیوه&zwnj;ها برای دستیابی به موفقیت به عنوان یک فریلنسر یا حتی نحوه استفاده موثر از ابزارهایی مثل لینکدین صحبت کنیم.</p>\r\n\r\n<p>اما امروز، می&zwnj;خواهیم روش&zwnj;هاش خاصی را برای به دست آوردن مشتریان مستقل بیشتری به شما ارائه دهیم، خواه کار خود را تازه شروع کرده باشید با به دنبال رویکردهای جدید باشید.</p>\r\n\r\n<p><strong>با سایر افراد صنعت خود ارتباط برقرار کنید</strong></p>\r\n\r\n<p>دسترسی به مجموعه مشتریان بالقوه شما احتمالا بسیار آسان&zwnj;تر از آن است که فکر می&zwnj;کنید.</p>\r\n\r\n<p>فقط از دوستان و خانواده خود درخواست کار نکنید. این یک روش خوب برای خراب کردن پل&zwnj;ها و عادت کردن شما به این مساله است که منتظر بمانید تا دیگران به شما کار دهند.</p>\r\n\r\n<p>در عوض، با افراد صنعت خود مشارکت داشته باشید و راه&zwnj;هایی را برای کمک به یکدیگر ارائه دهید. شاید همکار شما در بخشی از کار خود نیاز به تخصص شما داشته باشد. در اینجا شما می&zwnj;توانید خودتان را پیشنهاد دهید.</p>\r\n\r\n<p>حتی اگر افراد مربوط به صنعت خود را در شهر خود نمی&zwnj;شناسید، به دنبال آن&zwnj;ها در جاهایی مثل لینکدین بگردید و با افراد آن شبکه ارتباط برقرار کنید، حتی اگر محلی نباشند. از آن&zwnj;ها بپرسید آیا کسی را می&zwnj;شناسند که به دنبال یک فریلنسر باشد یا توصیه&zwnj;ای برای پیدا کردن مشتری دارند. حتی می&zwnj;توانید دوستان جدیدی پیدا کنید.</p>\r\n\r\n<p><strong>ایمیل های موثری بنویسید</strong></p>\r\n\r\n<p>ایمیل دقیقا همان چیزی است که به نظر می&zwnj;رسد تماس با افرادی است که نمی شناسید، بدون هیچ گونه معرفی. ارسال ایمیل به شما این امکان را می&zwnj;دهد که با هر کسی ارتباط برقرار کنید، اما همچنین می&zwnj;تواند شما را در شرایط ناخوشایندی قرار دهد که پیام&zwnj;های شما مورد استقبال واقع نشوند.</p>\r\n\r\n<p>ارسال ایمیل راهی برای به جا گذاشتن آثارتان در دنیای تجارت است. البته مراقب ایمیل های خود باشید که در اسپم نروند.</p>\r\n\r\n<p>به منظور ایجاد بیشترین جواب از ایمیل&zwnj;ها، موارد خاصی را باید در نظر بگیرید.</p>\r\n\r\n<p>1. هر گیرنده با کار شما آشنا نیست، بنابراین قبل از هر چیز اطلاعاتی در زمینه کاری خود ارائه دهید.</p>\r\n\r\n<p>2. مشتریان خود را شناسایی کرده و آن&zwnj;ها را با دقت انتخاب کنید.</p>\r\n\r\n<p>3. خود را به عنوان راه&zwnj;حل مشکل آنان معرفی کنید.</p>\r\n\r\n<p><strong>با سایر سازمان&zwnj;ها یا فریلنسرها همکاری کنید</strong></p>\r\n\r\n<p>وقتی شما شروع به تنها کار کردن می&zwnj;کنید، رنج&zwnj;هایی را تجربه خواهید کرد. شاید این تنهایی برایتان کسل کننده باشد، اما حرکت به سمت فریلنسر شدن به شما امکان می&zwnj;دهد که بر زمان، پروژه&zwnj;ها و آینده خود کنترل داشته باشید.</p>\r\n\r\n<p>اگر فرصت کار تیمی را از دست داده&zwnj;اید، همیشه می&zwnj;توانید با سایر فریلنسرها یا شرکت هایی که نیاز به واگذار کردن کاری به فریلنسران دارند همکاری کنید. شما باید شبکه&zwnj;ای از فریلنسرها با مهارت&zwnj;های مختلف ایجاد کنید. در حالی که نویسندگان، طراحان یا بازاریابان شبکه&zwnj;های اجتماعی مورد علاقه خود را دارید، به افراد جدید فکر کنید که ممکن است ارزش زیادی برای تجارت شما داشته باشند و بالعکس.</p>\r\n\r\n<p>همانطور که هر فریلنسر حرفه&zwnj;ای می&zwnj;داند، بهترین راه برای همکاری با سایر فریلنسرها و سازمان&zwnj;ها ایجاد روابط خوب است.</p>\r\n\r\n<p>این روابط می&zwnj;تواند به شما در پیشرفت حرفه&zwnj;ای و انجام کار شما در کارآمدترین و پربارترین شکل ممکن کمک کند. اما برای اینکه بتوانید با سایر فریلنسرها و سازمان&zwnj;ها همکاری موفق داشته باشید، باید نکات زیر را در نظر بگیرید:</p>\r\n\r\n<p>1. تا آنجا که می&zwnj;توانید در مورد آن&zwnj;ها اطلاعات کسب کنید.</p>\r\n\r\n<p>2. برای حداکثر کارایی از ابزارهای همکاری یکسانی استفاده کنید.</p>\r\n\r\n<p>3. همیشه درخواست بازخورد داشته باشید.</p>\r\n\r\n<p><strong>به بازارهای محبوب بپردازید</strong></p>\r\n\r\n<p>پلت&zwnj;فرم&zwnj;های فریلنسری بسیاری وجود دارد که می&zwnj;توانید از طریق آن&zwnj;ها پروژه دریافت کرده و درآمد زیادی کسب کنید.</p>\r\n\r\n<p>با این حال، قبل از ثبت نام در هر وب سایت، باید تحقیقاتی در مورد قانونی بودن یا عدم قانونی بودن آن&zwnj;ها انجام دهید. با مقایسه بهترین بازارهای فریلنسرینگ، می&zwnj;توانید یک پلتفرم قابل اعتماد برای فریلنسرها پیدا کنید.</p>\r\n\r\n<p><strong>جمع بندی</strong></p>\r\n\r\n<p>تبدیل شدن به یک فریلنسر بدون عدم قطعیت نمی&zwnj;تواند اتفاق بیفتد و موانعی در طول راه وجود دارد که باید مراقب آن&zwnj;ها باشید.</p>\r\n\r\n<p>اما اجازه ندهید این کار شما را متوقف کند، زیرا در نهایت ارزشش را دارد. به خودتان اجازه دهید از سایر فریلنسرها الهام بگیرید و از اشتباهات آن&zwnj;ها درس گرفته و از تجربیات&zwnj;شان استفاده کنید.</p>\r\n\r\n<p>اگر بتوانید این کار را انجام دهید، در مسیر موفقیت&zwnj;آمیزتری در فریلنسری قرار خواهید گرفت.</p>\r\n', 'فری لنسر , برنامه نویس , شغل , کارآفرینی', 1, '1642078904', 1),
(8, '5 ویژگی فوق العاده که باید در استخدام متخصص سئو به آنها دقت کنید', 'https://s4.uupload.ir/files/750_977843تعریف_سئو_چیست_چه_کاربردها_و_مزایایی_دارد؟_5su2.jpg', '<p>آیا شما هم قصد استخدام متخصص سئو را دارید؟ ما در این مطلب قصد داریم درباره ویژگی هایی که برای استخدام متخصص سئو باید به آن دقت کنید صحبت کنیم.</p>\r\n\r\n<p>استخدام متخصص سئو برای بهینه سازی موتورهای جستجو فرایند چندان سختی نیست. امروزه افراد و شرکت های مختلفی وجود دارند که این خدمات را به شما ارائه می دهند و به همین علت نیز شرایط بسیار خوبی را برای استخدام نیروی جدید فراهم می کنند. آنچه که ممکن است در این مسیر برای شما چالش برانگیز باشد استخدام متخصص سئوی خوب و با تجربه می باشد.</p>\r\n\r\n<p>سئو نقش بسیار مهمی را در موفقیت تمامی کسب و کارها ایفا می کند. بنابراین انتخاب یک متخصص که بتوانید به او اطمینان کنید بخش بسیار مهمی از تجارت و کسب و کار شما خواهد بود. شما در زمان تصمیم گیری برای استخدام متخصص سئو باید بسیار هوشمندانه عمل کنید چرا که موفقیت کسب و کار شما و همینطور داده های داخلی کسب و کارتان ممکن است به خطر بیفتد.</p>\r\n\r\n<p>برای کمک به شما ما در این مطلب چند ویژگی را ارائه داده ایم که با بررسی آنها می توانید بهترین متخصص سئو را برای کسب و کارتان استخدام کنید.</p>\r\n\r\n<h2><strong>در استخدام متخصص سئو به دنبال افراد با تجربه باشید</strong></h2>\r\n\r\n<p>هر کسی می تواند کمی خوب سخن بگوید و این ادعا را داشته باشد که متخصص سئو است حتی اگر مهارت های اولیه مورد نیاز برای این کار را نیز نداشته باشد. به همین علت است که استخدام متخصص سئو با تجربه یکی از نیازهای اساسی شما به شمار می آید و می توانید به آن به عنوان یکی از اصلی ترین وظایف خود نگاه کنید.</p>\r\n\r\n<p>امروزه صدها فاکتور مختلف در سئو وجود دارد که تنها یک سئوکار متخصص می تواند با همه آنها آشنایی کاملی داشته باشد. دلیل این موضوع نیز این است که این متخصصان سئو دارای تجربه زیادی در این زمینه هستند. آنها حتی می توانند با نگاه کردن به صفحه خارجی مشکل وب سایت شما را پیدا کرده و اقدام به برطرف کردن آن کنند.</p>\r\n\r\n<p>این در حالی است که یک فرد جدید در این حوزه باید زمان زیادی را صرف کند تا بینش مورد نیاز را درباره سایت شما به دست بیاورد و سپس اقدام به برطرف کردن مشکلات کند.</p>\r\n\r\n<p><img src=\"https://toplearn.com/img/editor/e8803b13643a4df18737a7bbd745d3b0.png\" /></p>\r\n\r\n<h2><strong>درک افراد درباره سطوح مختلف سئو را بررسی کنید</strong></h2>\r\n\r\n<p>به طور کلی دانش سئو دارای سه بخش متفاوت است که این سه بخش عبارتند از:</p>\r\n\r\n<p>-&nbsp;مباحث فنی</p>\r\n\r\n<p>-&nbsp;بهینه سازی داخل صفحه</p>\r\n\r\n<p>-&nbsp;بهینه سازی خارج صفحه</p>\r\n\r\n<p>شخصی که به صورت حرفه ای در زمینه سئو کار می کند باید به هر سه مورد مسلط باشد تا بتواند از مزایای سئو بهره مند شده و کسب و کار شما را بهبود دهد. بنابراین در زمان استخدام متخصص سئو شخصی را استخدام کنید که درباره هر سه این بخش ها اطلاعات کاملی داشته باشد.</p>\r\n\r\n<p><img src=\"https://toplearn.com/img/editor/2c7af784554e4195ba03e26ab65c42a1.png\" /></p>\r\n\r\n<h2><strong>به دنبال میزان موفقیت متخصصان سئو باشید</strong></h2>\r\n\r\n<p>احتمالا شما هم از گذشته این ضرب المثل را شنیده اید که اقدام و عمل افراد بلندتر از واژه های آنها صحبت می کند. این دقیقا همان نکته ای است که شما باید در زمان استخدام متخصص سئو به آن توجه داشته باشید. تنها کاری که شما باید در زمان استخدام یک نیروی سئو کار انجام دهید این است که سوابق آنها را مورد بررسی قرار دهید و با مشتریان سابق آنها در ارتباط باشید. به این شکل می توانید بررسی کنید که آیا آنها تاثیر مثبتی روی کسب و کاری که در گذشته در آن کار می کرده اند داشته اند یا خیر؟ شما حتی می توانید درباره مشتریان فعلی آنها نیز سوال بپرسید و از آنها بخواهید برای شما توضیح دهند که چگونه برای مشتریان فعلی خود برنامه ریزی می کنند تا به موفقیت دست پیدا کنند.</p>\r\n\r\n<p><img src=\"https://toplearn.com/img/editor/6e93eb7b59a84e4e90f8136bbb950876.png\" /></p>\r\n\r\n<h2><strong>دانش در زمینه بازاریابی از نکات مهمی که در استخدام متخصص سئو باید به آن دقت کنید</strong></h2>\r\n\r\n<p>شاید بهترین پاسخ به شما درباره چگونگی پیدا کردن یک متخصص سئوی خوب بررسی دانش آنها در زمینه بازاریابی و مارکتینگ باشد. دقت داشته باشید که سئو سایت به منظور بهبود در فروش محصولات یا خدمات سایت شما صورت می گیرد. اگر متخصص سئویی که شما استخدام می کنید نسبت به موارد موجود در دنیای مارکتینگ و بازاریابی اطلاع داشته باشد می تواند بهترین نتایج را با استفاده از اپلیکیشن ها و برنامه ریزی های سئو برای سایت شما به همراه داشته باشد.</p>\r\n\r\n<p><img src=\"https://toplearn.com/img/editor/00b5cb9b06214c5a8c176cbb7d370042.jpg\" /></p>\r\n\r\n<h2><strong>مهارت های ارتباطی</strong></h2>\r\n\r\n<p>یکی از مهم ترین ویژگی هایی که در استخدام متخصص سئو باید به آن دقت داشته باشید مهارت های ارتباطی سئوکار و متخصص سئو می باشد. یک متخصص سئو باید بتواند به شما بگوید که کدام بخش از وب سایت نیاز به تغییر دارد و چرا باید این تغییرات در سایت شما ایجاد شود. اگر آنها نتوانند با شما ارتباط برقرار کنند نه شما، نه تیم IT و نه افراد دیگر تیم نمی تواند منظور آنها را متوجه شود و در نتیجه مشکلات در سایت شما باقی خواهند ماند. بنابراین حتی ممکن است به جای برطرف کردن مشکلات سئو سایت، این متخصصان سئو باعث بیشتر شدن مشکلات شوند. به همین علت است که به شما پیشنهاد می کنیم در زمان استخدام متخصصان سئو حتما به این نکته نیز دقت داشته باشید.</p>\r\n\r\n<p><img src=\"https://toplearn.com/img/editor/dce1dd4125d7407683fcbc54441a12a3.jpg\" /></p>\r\n\r\n<h2><strong>نتیجه گیری</strong></h2>\r\n\r\n<p>استخدام یک متخصص سئو برای بهینه سازی موتور جستجو با وجود این که راحت به نظر می رسد ولی گاهی اوقات می تواند چالش برانگیز باشد. بنابراین بهتر است که ویژگی هایی که بیان کردیم را در زمان استخدام رعایت کنید تا بتوانید نتیجه بهتری بگیرید.&nbsp;</p>\r\n', 'سئو , وب , شغل , مشاغل , متخصص , ceo', 1, '1642105767', 1),
(9, 'افراد مسلط به اکسل ، چه درآمدی دارند و کجا استخدام می شوند ؟', 'https://s4.uupload.ir/files/20191218181212-ent-excel_kqv8.jpeg', '<p>امروزه کاربرد نرم افزار اکسل در شرکت های ایرانی به اندازه ای بالا رفته است که برای بسیاری از مهارت ها به یک نیاز تبدیل شده است. غیر از کاربرد قدرتمند این نرم افزار در حسابداری و صندوقداری ، در این مقاله ما به معرفی عناوین شغلی ای می پردازیم که در انواع سازمان ها از جایگاه ویژه ای برخوردار هستند ، به گونه ای که درآمد این افراد در بسیاری موارد از 5&nbsp; تا 10 هزار دلار درسال می باشد.</p>\r\n\r\n<p>&nbsp;</p>\r\n\r\n<p>1.&nbsp;&nbsp;&nbsp;&nbsp; تجزیه و تحلیل کسب و کار</p>\r\n\r\n<p>&nbsp;</p>\r\n\r\n<p>استفاده شماره یک از اکسل در محل کار ، انجام تجزیه و تحلیل تجارت است. تجزیه و تحلیل تجارت اساسا استفاده از داده های جمع آوری شده برای اطلاع رسانی تصمیم گیری است. مشاغل به طور طبیعی داده ها را در فعالیت های روزمره خود جمع می کنند ، که ممکن است داده هایی در مورد فروش محصول ، بازدید از وب سایت ، هزینه های خرید لوازم ، سوابق بیمه و ... باشند.</p>\r\n\r\n<p>&nbsp;</p>\r\n\r\n<p>تجزیه و تحلیل کسب و کار، فعالیت تبدیل داده ها به مواردی است که برای افرادی که تجارت را اداره می کنند مفید است. به عنوان مثال ، شما می توانید گزارش سودآوری را تا آخر روز هفته با استفاده از نرم افزار اکسل پیاده سازی کنید و مدیریت اطلاعات می تواند برای تصمیم گیری از آن ها استفاده کند.</p>\r\n\r\n<p>&nbsp;</p>\r\n\r\n<p>مثالهای شغلی: تحلیلگر تجارت ، تحلیلگر برنامه ریزی کسب و کار ، تحلیلگر راه حل های تجاری ، تحلیلگر مجموعه ها ، تحلیلگر داده ، تحلیلگر داده و مخاطب ، تحلیلگر تجارت مالی ، تحلیلگر ارشد داده ، تحلیلگر ارشد امور مالی ، تحلیلگر ارشد نمونه کارها</p>\r\n\r\n<p>&nbsp;</p>\r\n\r\n<p>2.&nbsp;&nbsp;&nbsp;&nbsp; مدیریت افراد</p>\r\n\r\n<p>&nbsp;</p>\r\n\r\n<p>شاید تعجب کنید که بدانید یکی از کاربردهای برتر اکسل در تجارت ، مدیریت افراد است.اکسل روشی قدرتمند برای سازماندهی اطلاعات در مورد افراد اعم از کارمند ، مشتری ، حامی یا شرکت کننده در آموزش است.</p>\r\n\r\n<p>&nbsp;</p>\r\n\r\n<p>با استفاده از اکسل می توان اطلاعات شخصی را به صورت کارآمد ذخیره و بازیابی کرد. یک ردیف یا ستون صفحه گسترده می تواند برای یک پرونده شخصی استفاده شود که ممکن است شامل اطلاعاتی مانند نام ، آدرس ایمیل ، تاریخ شروع کارمند ، موارد خریداری شده ، وضعیت اشتراک و آخرین تماس باشد.</p>\r\n\r\n<p>&nbsp;</p>\r\n\r\n<p>مثالهای شغلی: هماهنگ کننده رشد مشتری ، مدیریت مشتری ، مدیر ارتباط با مشتری ، مدیر خدمات مشتری ، متخصص خدمات مشتری ، مشاور خدمات کارفرمایی ، مدیر منابع انسانی ، دستیار اداری منابع انسانی ، مشاور منابع انسانی</p>\r\n\r\n<p>&nbsp;</p>\r\n\r\n<p>3.&nbsp;&nbsp;&nbsp;&nbsp; گزارش عملکرد</p>\r\n\r\n<p>&nbsp;</p>\r\n\r\n<p>نظارت بر عملکرد و گزارشگری نوعی تخصصی از تجزیه و تحلیل تجارت است که می تواند با استفاده ازنرم افزار اکسل به طور موثر انجام شود. به عنوان مثال ، بسیاری از حسابداران هنوز از اکسل استفاده می کنند.</p>\r\n\r\n<p>&nbsp;</p>\r\n\r\n<p>یک روش معمول برای تبدیل داده ها به گزارش عملکرد در اکسل ، ایجاد یک جدول محوری است. با قرار دادن یک جدول محوری و پیوند دادن آن با داده ها ، می توانید به سرعت اطلاعات مفید را از مجموعه داده اضافه کنید. جداول محوری توابع داخلی زیادی دارند که امکان انجام کارهایی مانند شمارش و جمع بندی انواع خاصی از داده ها را در مجموعه داده فراهم می کند.</p>\r\n\r\n<p>&nbsp;</p>\r\n\r\n<p>مثالهای شغلی: حسابدار مالی ، تحلیلگر پیش بینی ، پشتیبانی فروش ، تحلیلگر عملکرد ، تحلیلگر خرید ، تحلیلگر خدمات حرفه ای ، تحلیلگر گزارش ، تحلیلگر توسعه گزارش ، هماهنگ کننده فروش ، تحلیلگر عملیات فروش</p>\r\n\r\n<p>&nbsp;</p>\r\n\r\n<p>4.&nbsp;&nbsp;&nbsp;&nbsp; مدیریت عملیات</p>\r\n\r\n<p>&nbsp;</p>\r\n\r\n<p>برای مدیریت فعالیتهای روزمره بسیاری از مشاغل ، به اکسل اعتماد می شود.فعالیت های تجاری اغلب می توانند شامل تدارکات کاملاً پیچیده باشند. جریان موجودی باید کنترل شود تا بتوانید عملکردها را بدون دردسر و اضافی برای موارد خاص ادامه دهید. این به معنای پیگیری معاملات تأمین کننده و مشتری ، ذکر تاریخهای مهم و مدیریت زمان ها و برنامه ها است.</p>\r\n\r\n<p>&nbsp;</p>\r\n\r\n<p>در حالی که آمازون از نرم افزار سفارشی پیچیده ای برای مدیریت عملیات استفاده می کند ، اکسل برای بسیاری از مشاغل کوچکتر (یا بخشی از مشاغل بزرگتر) ابزاری مهم است. یک مزیت اکسل این است که ابزارهای آن بسیار کاربردی و قدرتمند می باشد.</p>\r\n\r\n<p>&nbsp;</p>\r\n\r\n<p>مثالهای شغلی: تحلیلگر عملیات تجاری ، مدیر عملیات داده ، متخصص زنجیره تأمین</p>\r\n\r\n<p>&nbsp;</p>\r\n\r\n<p>5.&nbsp;&nbsp;&nbsp;&nbsp; مدیریت دفتر</p>\r\n\r\n<p>&nbsp;</p>\r\n\r\n<p>مدیران دفتر از اکسل برای ورود و ذخیره بسیاری از داده هایی که متعاقباً برای حسابداری و گزارشگیری مالی و همچنین تجزیه و تحلیل مشاغل و گزارش عملکرد استفاده می شوند ، استفاده می کنند.</p>\r\n\r\n<p>&nbsp;</p>\r\n\r\n<p>جدا از نگهداری سوابق ، اکسل در مدیریت دفتر برای پشتیبانی از کارهای روزمره مانند فاکتور ، پرداخت قبض ها و تماس با تأمین کنندگان و مشتریان مفید است. این یک ابزار همه منظوره برای پیگیری و مدیریت فعالیت های دفتر است.</p>\r\n\r\n<p>&nbsp;</p>\r\n\r\n<p>مثالهای شغلی: دستیار مدیریت ، دستیار اداری ، عملیات بازرگانی و مدیر دفتر ، مدیر ارشد اداری و اداری ، نگهداری و وظایف عمومی</p>\r\n\r\n<p>&nbsp;</p>\r\n\r\n<p>6.&nbsp;&nbsp;&nbsp;&nbsp; تحلیل استراتژیک</p>\r\n\r\n<p>&nbsp;</p>\r\n\r\n<p>با توجه به استفاده از اکسل ، تجزیه و تحلیل استراتژیک جایی است که تصمیمات تجاری با داده ها و فرمول های صفحه گسترده ارتباط نزدیک دارند. شما اکسل را برای هدایت اقداماتی مانند سرمایه گذاری و تخصیص دارایی اعمال می کنید.</p>\r\n\r\n<p>&nbsp;</p>\r\n\r\n<p>به عنوان مثال ، بر اساس یک مدل اکسل ، ممکن است تصمیم بگیرید که اقساط را باید بپردازید. تجزیه و تحلیل صفحه گسترده به منظور اطلاع رسانی تصمیمات تجاری به روشی خاص طراحی شده است.</p>\r\n\r\n<p>&nbsp;</p>\r\n\r\n<p>مثالهای شغلی: مدیر دارایی ، بخش مدیریت املاک ، مدیریت سبد سهام و دارایی</p>\r\n\r\n<p>&nbsp;</p>\r\n\r\n<p>&nbsp;</p>\r\n\r\n<p>7.&nbsp;&nbsp;&nbsp;&nbsp; مدیریت قرارداد</p>\r\n\r\n<p>&nbsp;</p>\r\n\r\n<p>سرپرستان قرارداد دوست دارند از اکسل استفاده کنند زیرا وسیله ای بدون سر و صدا برای ثبت جزئیات قرارداد ، از جمله تاریخ ، نقاط عطف ، قابل تحویل و پرداختها را فراهم می کند.</p>\r\n\r\n<p>&nbsp;</p>\r\n\r\n<p>بسیاری از الگوهای مختلف مدیریت قرارداد موجود است ، و این الگوها را می توان متناسب با نوع قرارداد خاص یا مرحله چرخه عمر قرارداد سازگار کرد.</p>\r\n\r\n<p>&nbsp;</p>\r\n\r\n<p>مثالهای شغلی: مدیر قراردادها در املاک و ... ، مدیر پیشنهاد و مناقصه</p>\r\n\r\n<p>&nbsp;</p>\r\n\r\n<p>8.&nbsp;&nbsp;&nbsp;&nbsp; مدیریت پروژه</p>\r\n\r\n<p>&nbsp;</p>\r\n\r\n<p>پروژه ها فعالیت های تجاری هستند که به طور معمول بودجه و تاریخ شروع و پایان دارند. برنامه های پروژه را می توان در اکسل قرار داد ، سپس می توان از آن برای پیگیری پیشرفت و نگه داشتن پروژه طبق برنامه استفاده کرد.</p>\r\n\r\n<p>&nbsp;</p>\r\n\r\n<p>یک مزیت استفاده از اکسل این است که شما می توانید به راحتی پروژه را برای دیگران به اشتراک بگذارید.</p>\r\n\r\n<p>&nbsp;</p>\r\n\r\n<p>مثالهای شغلی: تحلیلگر پروژه ، دستیار پروژه ، تحلیلگر تجارت پروژه</p>\r\n\r\n<p>&nbsp;</p>\r\n\r\n<p>&nbsp;در صورتی که تصمیم به یادگیری نرم افزار اکسل و ورود به دنیای زیبای بازار کار را دارید ، می توانید دوره آموزش جامع اکسل که با حمایت سایت تاپ لرن و تدریس اینجانب شامل 22 ساعت آموزش از مقدماتی تا پیشرفته &nbsp;و رضایت 98 درصدی کاربران تهیه شده است را دنبال نمایید.</p>\r\n', 'اکسل , درآمد , شغل , استخدام , excel', 1, '1642106018', 1);
INSERT INTO `post` (`id`, `title`, `image`, `content`, `tag`, `writer`, `date`, `status`) VALUES
(10, 'چرا در سال 2021 پایتون بهترین زبان برنامه نویسی برای Machine Learning است', 'https://s4.uupload.ir/files/screenshot-2019-01-26-at-15.43.44-min-1200x673_mqrm.png', '<p>اگر می&zwnj;خواهید در سال 2021، Machine Learning را یاد بگیرید و کنجکاوید که بدانید کدام زبان برنامه نویسی را باید یاد بگیرید، هم&zwnj;اکنون در جای درستی هستید. در این مقاله، پنج دلیل محبوبیت پایتون به عنوان بهترین زبان برنامه&zwnj; نویسی برای Machine Learning را بررسی می&zwnj;کنیم.</p>\r\n\r\n<p>1. سادگی خود پایتون</p>\r\n\r\n<p>یکی از مزایای اصلی پایتون این است که قابل درک و سر راست است و این همان چیزی است که آن را برای هر کسی که می&zwnj;خواهد از کار خود نتیجه بگیرد نه اینکه در کدها سردرگم شود دوست داشتنی می&zwnj;سازد. همچنین پایتون خیلی خوانا است و یادگیری آسانی دارد.</p>\r\n\r\n<p>2. ابزارها و کتابخانه&zwnj;ها</p>\r\n\r\n<p>یکی از کارهای برجسته دانشمندان داده تحلیل داده&zwnj;ها است. و در داده&zwnj;های دنیای واقعی داده&zwnj;ها به اشکال مختلف در می&zwnj;آیند. آن&zwnj;ها اغلب خام هستند و برای اجرای هر نوع تحلیلی مناسب نیستند؛ از این رو درگیری داده برای آن اعمال می&zwnj;شود. این یک فرآیند برای شفاف&zwnj; سازی و تبدیل داده&zwnj;ها است تا بتوانید آنها را برای ایجاد دیدگاه&zwnj;ها تحلیل و مدل &zwnj;سازی کنید.</p>\r\n\r\n<p>در اینجا پایتون به دانشمندان داده کمک می&zwnj;کند. این زبان با بسیاری از کتابخانه&zwnj;های open-source پایتون همراه است که می&zwnj;تواند همه این وظایف را برای آنان انجام دهد. این&zwnj;ها کتابخانه&zwnj;هایی هستند که به صورت منظم آپدیت می&zwnj;شوند، و همه کاری که شما باید انجام دهید این است که از آن&zwnj;ها در اسکریپت&zwnj;های پایتون خود استفاده کنید.</p>\r\n\r\n<p>شما نیاز ندارید که یاد بگیرید NumPy چطور کار می&zwnj;کند یا Pandas چطور کار می&zwnj;کند، تا زمانی که شما می&zwnj;توانید داده&zwnj;های تمیزی را دریافت کنید، برخی از فرمول&zwnj;های ریاضی را اعمال کنید، معاملات آماری را اجرا کنید، خوشحال هستید.</p>\r\n\r\n<p>تنها چیزی که باید یاد بگیرید این است که چطور یک ماژول پایتون را وارد کنید، و کار شما تمام است. اگر کنجکاوید که از کدام ماژول پایتون برای کدام کار استفاده کنید، فقط کافی است آن را گوگل کنید، پاسخ خود را پیدا خواهید کرد. نیازی نیست که به خاطر بسپارید که از کدام کتابخانه پایتون باید استفاده کنید.</p>\r\n\r\n<p>در حقیقت، بعد از کار با چند اسکریپت، شما به طور خودکار با کتابخانه&zwnj;های اساسی پایتون برای علوم داده آشنا خواهید شد، مانند NumPy که مخفف Numerical Python، Pandas، که مهم&zwnj;ترین ابزار برای شفاف&zwnj;سازی و تحلیل داده است، و MatPlotLib برای تجسم داده.</p>\r\n\r\n<p>شما همچنین TensorFlow، Sci-kit، و PyTorch را دارید که برخی از قابلیت&zwnj;های علمی و Machine learning را ارائه می&zwnj;دهند و به طور مداوم توسط افراد با استعداد در سراسر جهان پیشرفت کرده و آپدیت می&zwnj;&zwnj;شوند. مثلا فیس&zwnj;بوک اخیرا قابلیت زیادی از machine learning را در PyTorch اضافه کرده است.</p>\r\n\r\n<p>به عنوان یک دانشمند داده و فرد علاقه&zwnj;مند به machine learning، شما نباید نگران آپدیت کتابخانه&zwnj;ها، افزودن قابلیت&zwnj;های جدید و غیره باشید، چرا که افراد دیگری این کار را برای شما انجام می&zwnj;دهند. شما فقط باید برای انجام کار خود از کتابخانه&zwnj;ها استفاده کنید.</p>\r\n\r\n<p>3. Jupyter Notebook</p>\r\n\r\n<p>دلیل دیگری که دانشمندان داده عاشق پایتون هستند Jupyter Notebook است، که به شما اجازه می&zwnj;دهد با استفاده از مرورگر وب با دیگر دانشمندان داده همکاری کرده و کدگذاری کنید. Jupyter Notebook از IPython، یک ترمینال خط فرمان تعاملی (command-line terminal) برای پایتون، متولد شده است.</p>\r\n\r\n<p>از آنجا که کار بر روی command line برای همه آسان نیست، آن&zwnj;ها یک رابط وب قدرتمند برای پایتون ایجاد کرده&zwnj;اند و نام آن را Jupyter Notebook گذاشته&zwnj;اند.</p>\r\n\r\n<p>Jupyter Notebook ابزاری فوق&zwnj;العاده قدرتمند برای توسعه و ارائه پروژه&zwnj;های علوم داده است. فناوری اطلاعات به شما امکان می&zwnj;دهد کد و خروجی آن، ترکیب تجسم&zwnj;سازی، فرمول&zwnj;های ریاضی و توضیحات را در یک سند واحد ادغام کنید.</p>\r\n\r\n<p>Jupyter Notebook به دلیل قابلیت&zwnj;های چشم&zwnj;گیر خود در بین دانشمندان داده بسیار محبوب است و یکی از ابزارهای لازم برای آن&zwnj;ها می&zwnj;باشد.</p>\r\n\r\n<p>و اگر همه این دلایل خوب برای شما کافی نباشد، حتما با این مورد سورپرایز می&zwnj;شوید اگر بدانید که Jupyter Notebook همچنین می&zwnj;تواند کد R را مدیریت کند، که این یعنی شما می&zwnj;توانید با یکی دیگر از دانشمندان داده که از زبان برنامه نویسی R استفاده می&zwnj;کند همکاری کنید.</p>\r\n\r\n<p>4. پشتیبانی جامعه</p>\r\n\r\n<p>دلیل دیگری که پایتون در میان افرادی که در حال یادگیری علوم داده هستند محبوب است جامعه آن می&zwnj;باشد. از آنجا که پایتون جامعه فعالی دارد و افراد زیادی با استفاده از پایتون مشغول انجام علوم داده هستند، شما یک جامعه فعال دارید که هنگام گیر کردن در کار خود می&zwnj;توانید به آن&zwnj;ها رجوع کنید.</p>\r\n\r\n<p>شما همچنین از کار آنها بهره می&zwnj;برید چون بیشتر موارد به صورت open source به اشتراک گذاشته می&zwnj;شوند.</p>\r\n\r\n<p>بسیاری از سازمان&zwnj;های بزرگ مثل گوگل و فیس&zwnj;بوک در TensorFlow و PyTorch، از محبوب&zwnj;ترین کتابخانه&zwnj;های پایتون در علوم داده و Machine Learning، همکاری کرده&zwnj;اند.</p>\r\n\r\n<p>5. Pandas</p>\r\n\r\n<p>Pandas ابزار بسیار اساسی برای دانشمندان داده است که لازم است ذکر شود. بیشتر پروژه&zwnj;های علوم داده با Pandas شروع می&zwnj;شود و با آن تمام می&zwnj;&zwnj;شود. این ابزار نه تنها به شما اجازه می&zwnj;دهد داده&zwnj;هایتان را واضح بسازید بلکه داده&zwnj;ها را هم آنالیز می&zwnj;کند. شما می&zwnj;توانید داده&zwnj;ها را از منابع مختلف داده مانند فایل&zwnj;های CSV، Excel، دیتابیس&zwnj;ها و بسیاری منابع دیگر بارگذاری کنید.</p>\r\n\r\n<p>Pandas شامل عملکردهای متنوعی برای ایمپورت داده، اکسپورت، ایندکس&zwnj;گذاری، و دست&zwnj;کاری داده&zwnj;ها است. همچنین ساختار داده سودمندی را ارائه می&zwnj;دهد مثل DataFrames (مجموعه&zwnj;ای از ردیف&zwnj;ها و ستون&zwnj;ها) و روش&zwnj;های کارآمدی را برای مدیریت آن&zwnj;ها فراهم می&zwnj;کند.</p>\r\n\r\n<p>به دلیل وجود همه این ابزارها، فریم&zwnj;ورک&zwnj;ها، کتابخانه&zwnj;های عالی و سادگی زبان برنامه&zwnj;نویسی پایتون، دانشمندان داده عاشق پایتون بوده و به آن پایبند هستند.</p>\r\n', 'پایتون , هوش مصنوعی , payton , برنامه نویسی', 1, '1642106204', 1),
(11, 'چطور بفهمیم وبسایتی که طراحی کردیم خوب است یا بد؟', 'https://s4.uupload.ir/files/web-dev_jz3t.jpg', '<p>همان قدری که کلمات برای یک سخنران مهم است ، طراحی یک وبسایت هم برای تجارت حیاتی است !</p>\r\n\r\n<p>برداشت های اولیه فوق العاده مهم هستند درواقع وبسایت شما فقط چند دقیقه وقت دارد که خود را &nbsp;به</p>\r\n\r\n<p>مخاطب اثبات کند. اگر وب سایت شما به خوبی طراحی شده باشد می توانید با آن مشتری های زیادی</p>\r\n\r\n<p>برای تجارت خود به دست بیاورید و مطمئناً طراحی نامناسب شما دیر یا زود تجارت شما را خراب</p>\r\n\r\n<p>خواهد کرد. مردم دیگر برای طراحی ضعیف وقت و حوصله ندارند ، دنیا خیلی سریع پیش می رود ،</p>\r\n\r\n<p>رقابت بزرگی در هر مکان وجود دارد پس&nbsp; برای مشتریان احتمالی شما پیدا کردن رقیب بسیار آسان تر</p>\r\n\r\n<p>از تحمل طراحی ضعیف شما است. پس یک طراحی خوب اعتبار شما را بالا می برد.</p>\r\n\r\n<p>حال این سوال مطرح می شود از کجا بدانیم طراحی ما خوب است یا بد؟</p>\r\n\r\n<p>شاید اولین موردی که به ذهن شما می رسد جنبه های بصری باشد مثل رنگ ، فونت ، تصاویر ویا سایر جنبه ها اما طراحی خوب واقعاً چیزی بسیار پیچیده تر از یک تصویر زیبا و بدون هدف خاص است .</p>\r\n\r\n<p>یک طراحی واقعا خوب در پشت هر عنصر آن یک استراتژی دارد ، دارای تجربه کاربری بی عیب و نقصی است و هر چیزی که بازدید کننده در وب سایت مشاهده می کند یا&nbsp; کاری انجام می دهد با دقت مورد بررسی قرار می گیرد و تمام عناصر دارای نظم خاصی هستند. درواقع وبسایت فقط یک کارت وزیت تجاری نیست بلکه نماد هویت تجاری برند شماست. &nbsp;در ادامه باهم چند مورد از مواردی که طراحی ما را بهتر و مناسب می کند بررسی می کنیم :</p>\r\n\r\n<p><strong>１- هدفمند بودن</strong></p>\r\n\r\n<p>هر تجارتی هدفی دارد و هر وبسایتی بیانگر و نماد هدف تجارت شماست. هدف شما از داشتن وبسایت چیست؟ هدف نمی تواند چیزی مبهم مانند &quot;من می خواهم یک وب سایت اموزشی داشته باشم &quot; باشد زیرا به شدت کلی است و هدف کلی باعث ظاهر نامناسب برای وبسایت شما می شود. هدف را دقیق مشخص کنید بطور مثال &quot;می خواهم سایت من&nbsp; دورهای اموزشی در زمینه برنامه نویسی را ارائه کند&quot; و&quot;یا باعث بهبود و سرعت ثبتنام شاگردان اموزشگاه ما باشد&quot;. هنگامی که شما درک کاملی از آنچه که دقیقاً می خواهید با وب سایت خود بدست آورید داشته باشید ، می توانید نحوه عملکرد وب سایت را برای دستیابی به آن تعیین کنید (چه پیام هایی باید وجود داشته باشد یا ساختار سایت چگونه باشد).</p>\r\n\r\n<p>&nbsp;</p>\r\n\r\n<p><strong>２-&nbsp; قابلیت استفاده</strong></p>\r\n\r\n<p>اگر می خواهید بازدیدکنندگان خود را حفظ کرده و آنها را تشویق به بازگشت کنید ، باید رابط کاربری ساده ای داشته باشید.&nbsp;امروزه بیشتر افراد بی تاب هستند اگر آنها را وادار کنید خیلی سخت فکر یا کار کنند ، آنها به راحتی وبسایت شمارا ترک می کنند و دیگر باز نخواهند گشت. اگر این فروشگاه آنلاین متعلق به شماست ، باید مطمئن شوید که وب سایت عملکرد جستجوی بی عیب و نقصی داشته باشد ، محصولات به طور واضح طبقه بندی شده و مقایسه آنها آسان باشد ، سبد خرید کاملاً کارایی داشته باشد و جست جو در سایت&nbsp; آسان و واضح باشد.</p>\r\n\r\n<p>&nbsp;</p>\r\n\r\n<p><strong>３- شفافیت</strong></p>\r\n\r\n<p>پس از تعیین هدف برای وبسایت باید آن را برای مخاطب خود به وضوح روشن کنید. البته نباید مطالب و عناصر به قدری زیاد باشد که وبسایت شلوغ و آشفته شود و ذهن مخاطب با یک پیام نامشخص مواجه شود و به اصطلاح گیج شود. وبسایت های خوب ساختاری واضح دارند و به مخاطب شان می دهند که چه چیزی می تواند با وب سایت بدست آورند و چرا باید به آن سایت اهمیت دهند. برای مثال&nbsp; یک فروشگاه آنلاین باید بیان صریح آنچه را می توان در آن خریداری کرد و دلیل آن را به مخاطب نشان دهد. این روش ارزش سایت شمارا به شدت بالا می برد برای همین رویکرد طراحی مینیمال و ساده ترند این روزهاست ( همه سر و صدا و شلوغی غیرضروری را قطع می کند و پیام اصلی را واضح و قابل مشاهده و درک می کند).</p>\r\n\r\n<p>&nbsp;</p>\r\n\r\n<p><strong>４- ظاهر مدرن</strong></p>\r\n\r\n<p>همانطور که در بالا ذکر شد ، در هنگام تعیین اینکه یک وب سایت به خوبی طراحی شده است ، ظاهر وب سایت شما واقعاً مهم است . استفاده از رنگ ، شکل و... مناسب و بجا و صدالبته طراحی به روز اهمیت وبسایت شما را افزایش می دهد و تجارت شمارا در نظر مخاطب یک تجارت منظم و روبه رشد نشان می دهد.</p>\r\n', 'وب , وبسایت , web developer ', 1, '1642106527', 1),
(12, '4 نوع تحلیل کد که هر توسعه‌دهنده‌ای باید از آن استقبال کند', 'https://s4.uupload.ir/files/what-is-a-web-developer_o24x.jpg', '<p>شما اغلب اصطلاح &quot;تحلیل استاتیک&quot; را می&zwnj;شنوید که به یک ابزار یا تکنیک شناخته&zwnj;شده اشاره دارد، به طوری که مطمئن می&zwnj;شویم تمام کدهای ما قبل از انتشار از تجزیه و تحلیل استاتیک عبور می&zwnj;کنند. اما نوع تحلیل استاتیکی که استفاده می&zwnj;کنید مهم است.</p>\r\n\r\n<p>متداول&zwnj;ترین نوع ارجاع&zwnj;شده SAST (static application security testing) نامیده می&zwnj;شود که بهترین عمل در تست امنیت برنامه است. اما شما می&zwnj;توانید جدا از امنیت نیز تحلیل استاتیک را انجام دهید. پوشش تمام کلاس&zwnj;های خطا اغلب به معنای استفاده از ابزارهای متعدد است، زیرا ابزارهای مختلف تمایل به دریافت انواع مختلفی از خطاها دارند.</p>\r\n\r\n<p>در این مقاله چهار نوع تحلیل کد وجود دارد که باید آن&zwnj;ها را بدانید و هر کدام مزایایی برای تیم توسعه نرم&zwnj;افزار دارد.</p>\r\n\r\n<p>عملکرد و کارایی</p>\r\n\r\n<p>ابزارهای تحلیل استاتیک می&zwnj;توانند به گرفتن الگوهای کدگذاری متداول که منجر به عملکرد ضعیف می&zwnj;شوند کمک کنند.</p>\r\n\r\n<p>با استفاده از ابزارهای تحلیل استاتیک برای به دست آوردن این الگوهای ضد عملکرد، اطمینان حاصل می&zwnj;شود که آن&zwnj;ها نمی&zwnj;توانند وارد کد پایه (codebase) شما شوند. اما این ابزارها یک مزیت آموزشی مهم نیز دارند: آن&zwnj;ها به توسعه&zwnj;دهندگان قبلی نشان می&zwnj;دهند که بهترین روش&zwnj;ها تغییر کرده است و به توسعه&zwnj;دهندگان جدید نشان می&zwnj;دهند این راهی بهتر برای انجام یک کار مشخص است.</p>\r\n\r\n<p>قابلیت اطمینان</p>\r\n\r\n<p>مواردی مثل نشت منابع در C به طور معمول بر امنیت تأثیر نمی&zwnj;گذارند. اما با این وجود موضوع مهمی برای پیگیری و تصحیح است، زیرا این مشکل می&zwnj;تواند منجر به رفتار غیر منتظره یا خرابی شود.</p>\r\n\r\n<p>هیچ کس دوست ندارد پیام &quot;سرویس از کار افتاده است&quot; را دریافت کند. ابزارهای تحلیل استاتیک که بر روی قابلیت اطمینان تمرکز دارند می&zwnj;توانند به پیشگیری از این مساله کمک کنند. مثلا ابزار Infer فیس&zwnj;بوک می&zwnj;تواند مشکلات مربوط به اشاره&zwnj;گر null، نشت حافظه و مسائل مربوط به امنیت/هم&zwnj;زمان&zwnj;سازی threadها را کشف کنند.</p>\r\n\r\n<p>از آنجا که پیدا کردن و دیباگ کردن مسائل مربوط به نشت حافظه و threadها سخت است، ابزارهای استاتیک می&zwnj;توانند برای این نوع خطاها مفید باشند، و باعث صرفه&zwnj;جویی در وقت توسعه&zwnj;دهنده و افزایش بهره&zwnj;وری در طولانی مدت شوند.</p>\r\n\r\n<p>امنیت</p>\r\n\r\n<p>طیف گسترده&zwnj;ای از مسائل امنیتی وجود دارد، و این با طیف وسیعی از الگوریتم&zwnj;های مختلف تحلیل استاتیک که برای گرفتن آن&zwnj;ها طراحی شده است، مطابقت دارد. مثلا تکنیک&zwnj;های متمرکز بر یافت آسیب&zwnj;پذیری&zwnj;های جریان اطلاعات، لزوما برای یافت مسائل ایمنی حافظه خوب نیستند.</p>\r\n\r\n<p>این بدان معناست که استفاده از ابزارهای متعدد حتی اگر در درجه اول به امنیت توجه کنید، ایده خوبی است.</p>\r\n\r\n<p>ابزار Infer فیس&zwnj;بوک، که در بالا به آن اشاره شد، می&zwnj;تواند در گرفتن آسیب&zwnj;پذیری&zwnj;های جریان اطلاعات مانند حملات تزریق دستورات یا شکست در رمزگذاری داده&zwnj;ها کمک کند. کانفیگ کردن Infer برای آگاهی از برنامه و فریم&zwnj;ورک&zwnj;های شما می&zwnj;تواند به گرفتن خطاهای بیشتر و بهبود نسبت سیگنال به نویز کمک کند.</p>\r\n\r\n<p>ابزار منبع باز FindSecBugs می&zwnj;تواند مسائل مربوط به کانفیگ کردن، استفاده از رمزگذاری ضعیف، و مسائل مربوط به تزریق دستورات فریم&zwnj;روک خاصی را بگیرد. این ابزار بدون تنظیمات خاصی کار می&zwnj;کند.</p>\r\n\r\n<p>سبک</p>\r\n\r\n<p>یک روش خوب دیگر، تشویق توسعه&zwnj;دهندگان برای پذیرش یک سبک کدنویسی یک شکل در تیم است. این سوال که باید از چه سبکی استفاده شود به اندازه اطمینان از اینکه توسعه&zwnj;دهندگان یک سبک ثابت را دنبال می&zwnj;کنند، مهم نیست.</p>\r\n\r\n<p>دو دلیل مهم برای خودکارسازی تشخیص تخلفات سبک با استفاده از تحلیل استاتیک وجود دارد. اول اینکه خودکارسازی تضمین می&zwnj;کند که قوانین سبک هرگز نقض نمی&zwnj;شوند و کد شما را ثابت نگه می&zwnj;دارد. دومین مورد اینکه اگر ابزاری به نقض سبک اشاره کند، پس توسعه&zwnj;دهنده مجبور نیست این پیگیری را انجام دهد.</p>\r\n\r\n<p>یکپارچه&zwnj;سازی</p>\r\n\r\n<p>با بسیاری از ابزارهای ضروری برای دستیابی به پوشش گسترده در طیف وسیعی از انواع خطاها، ادغام ابزارها در فرآیندهای DevOps از اهمیت ویژه&zwnj;ای برخوردار است. اگر آن&zwnj;ها در یک روش ثابتی متحد شوند، ابزارهای چندگانه می&zwnj;توانند یکپارچه و سبک ساخته شوند.</p>\r\n\r\n<p>برای گام نهادن به سمت استفاده بیشتر از تحلیل استاتیک، با FindSecBugs و PMD شروع کنید، که مسائل امنیتی و سبک را پوشش می&zwnj;دهد و ادغام آن&zwnj;ها بسیار آسان است. Infer و ErrorProne نیاز به ساخت یکپارچه&zwnj;سازی سیستم دارند، اما تحلیل بسیار عمیق&zwnj;تری را نیز انجام می&zwnj;دهند. با توجه به بهبود بهره&zwnj;وری و قابلیت اطمینانی که این ابزارها ارائه می&zwnj;دهند، یافتن راهی برای ادغام همه آن&zwnj;ها ارزش سرمایه&zwnj;گذاری دارد.</p>\r\n', 'توسعه دهنده , web developer , وب , وبسایت , توسعه دهنده وب', 1, '1642106752', 1),
(13, '۷ نکته مهم برای یادگیری موثرتر فریم ورک لاراول', 'https://s4.uupload.ir/files/laravel5_2hvz.jpg', '<p>Laravel یک چارچوب برنامه&zwnj; نویسی وب با استفاده از زبانی ساده و قابل فهم است. به وسیله&zwnj;ی لاراول، می&zwnj;توانید با کم&zwnj;ترین تلاش چیزهای کوچکی ایجاد کنید.از زمان انتشار اولیه در سال ۲۰۱۱ ، لاراول رشد زیادی را تجربه کرده است. در سال ۲۰۱۵، پرطرفدارترین فریم ورک&nbsp;<strong>PHP</strong>&nbsp;در&nbsp;<strong>GitHub</strong>&nbsp;شد و به بالاترین سطح چارچوب برنامه&zwnj; نویسی در سراسر جهان رسید.</p>\r\n\r\n<p>Laravel روی کاربر نهایی تمرکز می&zwnj;کند. این بدان معناست که تمرکز روی سادگی، وضوح و سهولت انجام کار است. برنامه&zwnj; نویسان و شرکت&zwnj;ها برای ساختن همه اجزای وب از پروژه&zwnj;های سرگرمی ساده تا راه&zwnj; کارهای پیچیده از آن استفاده می&zwnj;کنند.</p>\r\n\r\n<p><img src=\"https://toplearn.com/img/editor/3d0f603370f14d58bd6e17987213eb03.png\" /></p>\r\n\r\n<p>&nbsp;</p>\r\n\r\n<p>اما در این مقاله قصد داریم ۷ حقه برای یادگیری بهتر و موثرتر این فریم ورک محبوب رو به شما عزیزان معرفی کنیم.</p>\r\n\r\n<p><strong>&nbsp;</strong></p>\r\n\r\n<p>۱- با مستندات رسمی شروع نکنید !!!!</p>\r\n\r\n<p>اولین چیزی که افراد تازه وارد به طور معمول به آن نگاه می کنند ، اسناد رسمی در سایت Laravel است. اشتباه نکنید !!! مستندات عالی هستند!! اما این انتظار می رود که که شما از اکوسیستم PHP و ابزار مدرن آن از قبل آگاهی داشته باشید. به عنوان نمونه ، اولین بخش از مستندات ، نصب است ، که فقط&nbsp; شامل &quot;بارگیری و نصب&quot; نیست. شما باید بدانید که چگونه از Composer استفاده کنید. نحوه استفاده از ترمینال یا خط فرمان ، نحوه اجرای دستورات ، نحوه کار سرورهای وب و غیره .</p>\r\n\r\n<p><img src=\"https://toplearn.com/img/editor/20da24ea68ee41e5bda45574e56ae5a3.png\" /></p>\r\n\r\n<p>&nbsp;</p>\r\n\r\n<p>۲- ابتدا&nbsp;<strong>PHP ، OOP</strong>&nbsp;، ترمینال و&nbsp;<strong>Composer</strong>&nbsp;را بیاموزید</p>\r\n\r\n<p>این موضوع ممکن است خنده دار به نظر برسد!!! ، اما امروزه تعداد بیشتری از افراد را می بینیم که سعی می کنند لاراول را بیاموزند بدون اینکه ابتدا پی اچ پی را یاد بگیرند!!!!!! عجیب نیست؟؟؟ دقیقا مثل افرادی که سعی می کنند بدون یادگیری JavaScript از jQuery استفاده کنند. دست از گول زدن خود بردارید و با اصول شروع کنید.</p>\r\n\r\n<p>&nbsp;</p>\r\n\r\n<p>برای شروع یادگیری هر فریم ورک مدرن PHP ، باید در&nbsp;<strong>PHP</strong>&nbsp;خوب باشید. به ویژه برنامه نویسی شی گرا؛ همه چارچوب ها در حالت&nbsp;<strong>OOP</strong>&nbsp;نوشته شده اند و باید در کلاس ها ، اشیاء ، ویژگی ها ، روش ها ، وابستگی ها ، صفات و سایر &laquo;کلمات کلیدی&raquo; مسلط باشید.</p>\r\n\r\n<p><img src=\"https://toplearn.com/img/editor/b309487ca0fa47bb98de3131458c1ed4.png\" /></p>\r\n\r\n<p>به طور کلی ، توصیه می شود حداقل یک پروژه ساده با PHP خام و بدون هیچ چارچوبی ایجاد کنید. در این صورت درک بهتری از PHP خواهید داشت که به شما امکان می دهد از کارکردهای داخلی Laravel به طور کارآمد استفاده کنید.</p>\r\n\r\n<p>&nbsp;</p>\r\n\r\n<p>همچنین ، Composer ، ابزاری که ، دوباره PHP را زنده و عالی کرد!!! دانش کامپوزر به شما کمک می کند تا با صلاحیت از وابستگی های Laravel ، که یک بخش اساسی در توسعه مدرن PHP است ، استفاده کنید.</p>\r\n\r\n<p><img src=\"https://toplearn.com/img/editor/25ec2c726fc147e699c99b13a0ea085d.png\" /></p>\r\n\r\n<p>به ترمینال اشاره نکردیم؟؟؟!!! یا همان خط فرمان برای سیستم عامل ویندوز. فریم ورک های مدرن PHP از دستوراتی برای بسیاری از قابلیت های خود استفاده می کنند - ایجاد کد ، نصب کتابخانه ، تغییر تنظیمات ، اجرای استقرار و غیره. شما باید اصول آن را بدانید.</p>\r\n\r\n<p>&nbsp;</p>\r\n\r\n<p>همه این مواردی است که قبل از شروع کار با Laravel باید بدانید. بنظر دیگر لاراول راحت نیست!!! ، هست؟؟؟ نترسید ما فقط چند توصیه کردیم!!</p>\r\n\r\n<p>&nbsp;</p>\r\n\r\n<p>&nbsp;</p>\r\n\r\n<p>۳- کتاب ، دوره یا فیلم؟ رایگان یا غیر رایگان؟</p>\r\n\r\n<p>این موضوع احتمالاً مهمترین سوال است: بهترین روش یادگیری چیست؟؟؟؟ این مورد یک انتخاب شخصی است؛ برخی از افراد خوانندگان بهتری هستند ، در حالی که برخی دیگر فیلم ها را ترجیح می دهند. و این موضوع خیلی خوبه!!! از خودتون بپرسید، چه چیزی برای شما راحت تر است؟</p>\r\n\r\n<p>&nbsp;</p>\r\n\r\n<p>اطلاعاتی که می خواهید استفاده کنید باید به درستی ساختار یافته باشند. شما فقط نمی توانید مقالات یا فیلم های تصادفی را از YouTube بگیرید - این کار نتیجه مطلوب را به شما نمی دهد. شما به منبع نیاز دارید تا اطلاعات را در یک جریان مداوم و ساختارمند ، گام به گام توضیح دهد. در غیر این صورت ، شما ممکن است قطار فکری خود را گم کنید و نتوانید درسهای بعدی را درک کنید.</p>\r\n\r\n<p><img src=\"https://toplearn.com/img/editor/e9f7e687f2a843df8e265029b85dc9d3.png\" /></p>\r\n\r\n<p>به هر حال ، تفاوت اساسی بین دروس رایگان و غیر رایگان آنلاین است. برخی می گویند شما می توانید یادگیری برنامه نویسی را فقط از طریق جستجوی اینترنت بیاموزید زیرا تعداد زیادی از اطلاعات به صورت رایگان در دسترس است. که تا حدودی صحیح است ، اما اگر آن مسیر را انتخاب کنید ، باید زمان زیادی را صرف تلاش برای کنار هم قرار دادن آن هم کنید. دوره ها یا کتاب های غیر رایگان و البته حرفه ای !!! بهترین منابع هستند زیرا اطلاعات به روش مناسب برای شما تهیه شده است ، بنابراین وقت خود را برای جستجو تلف نمی کنید.</p>\r\n\r\n<p>&nbsp;</p>\r\n\r\n<p>&nbsp;</p>\r\n\r\n<p>۴- خواندن را متوقف کنید ، نوشتن را شروع کنید</p>\r\n\r\n<p>یادگیری هرگونه&nbsp; زبان برنامه نویسی بدون نوشتن کد غیرممکن است. وقت زیادی را صرف خواندن کتاب یا تماشای فیلم نکنید. شروع کد نویسی را هرچه زودتر انجام دهید. در حقیقت ، پس از اتمام هر درس یا بخش ، بلافاصله آن را در عمل امتحان کنید.</p>\r\n\r\n<p><img src=\"https://toplearn.com/img/editor/51520ff59a70495f935908c075003988.png\" /></p>\r\n\r\n<p>به طور کلی ، توصیه میشود که در طول یادگیری ، یک پروژه آزمایشی ایجاد کنید. این موضوع فرآیند یادگیری شما&nbsp; را نه تنها واقع گرایانه تر می کند ، بلکه باعث ایجاد انگیزه بیشتر می شود. بدون داشتن یک هدف و نتیجه مناسب در ذهن ، ادامه یادگیری مطالب تئوری دشوار است.</p>\r\n\r\n<p>&nbsp;</p>\r\n\r\n<p>۵- یاد بگیرید که از&nbsp;<strong>Google</strong>&nbsp;و&nbsp;<strong>StackOverflow</strong>&nbsp;استفاده کنید.</p>\r\n\r\n<p>گرچه این موضوع ارتباط مستقیمی با لاراول ندارد ، اما دانستن آن بسیار مهم است. سوالاتی که با سرچ کردن در گوگل به راحتی پاسخ آن را دریافت می کنید هیچگاه در تالار های پرسش و پاسخ مطرح نکنید!!!!!</p>\r\n\r\n<p>&nbsp;</p>\r\n\r\n<p>StackOverflow باید به طور مشابه استفاده شود. معمولاً در بین اولین نتایج جستجو و سوال شما لینک هایی از StackOverflow&nbsp; ظاهر می شود.</p>\r\n\r\n<p><img src=\"https://toplearn.com/img/editor/86d6b1e7b01042038a8ac5ef039363f5.png\" /></p>\r\n\r\n<p>این موضوع فقط مربوط به پیدا کردن پاسخ سوالات نیست، شما باید بتوانید سوالات را به روش و سبکی درست بپرسید. معمولاً ، هر تالار و شبکه پرسش و پاسخ ، قوانین و انتظارات رفتاری خود را دارد. اگر مودب ، صبور و محترم هستید ، شانس بیشتری برای دریافت کمک دارید!!!</p>\r\n\r\n<p>&nbsp;</p>\r\n\r\n<p>&nbsp;</p>\r\n\r\n<p>۶- یک مربی پیدا کنید</p>\r\n\r\n<p>بزرگترین مشکل در یادگیری برنامه نویسی ، عیب یابی هنگام کار نکردن و یا خطا است. بهترین راه حل برای این مشکل درخواست کمک به شخص دیگری با تجربه بالاتر است.</p>\r\n\r\n<p><img src=\"https://toplearn.com/img/editor/f721674e864b409a8b4c472d4488dacd.png\" /></p>\r\n\r\n<p>کجا باید به دنبال یک مربی باشید؟ در انجمن های پرسش و پاسخ و سایت های معتبر آموزش ، چه حضوری و چه آنلاین. برای نمونه سایت&nbsp;<a href=\"https://toplearn.com/\">تاپ لرن</a>&nbsp; جامعه خوبی از توسعه دهندگان دارد ، بنابراین اگر فردی را در آنجا پیدا کردید که به نظر می رسد می تواند به شما کمک کند ، خجالتی نباشید و با آنها در تماس باشید , ایمیل آنها را بیابید و مکالمه را شروع کنید.</p>\r\n\r\n<p><img src=\"https://toplearn.com/img/editor/e84e192f89e34446b1f35a5a7126e57b.png\" /></p>\r\n\r\n<p><strong>۷</strong>- جا نزن !!!!!</p>\r\n\r\n<p>همانطور که در نکته قبلی ذکر شد ، هنگام برخورد با مشکلی که نمی توانید حل کنید ، تسلیم شدن راحت ترین راه ممکن است. شاید به همین دلیل است که بسیاری از افراد شروع به یادگیری می کنند ، اما تنها تعداد محدودی در واقع توسعه دهندگان حرفه ای می شوند. همه رنگین کمان و پروانه نیستند!!!!. مسیر پر از مشکلات ، سوالات دشوار ، و حتی تمایل به پرتاب رایانه از پنجره خواهد بود!!!!!!. همه ی افراد موفق روزی در این شرایط بودند ، به آنها اعتماد کن نکته اصلی این است که ادامه دهید ، مهم نیست که چقدر مشکل بزرگ و غیر قابل حل باشد. همیشه راهی وجود دارد.</p>\r\n\r\n<p>&nbsp;</p>\r\n\r\n<p>و اما توصیه آخر</p>\r\n\r\n<p>&nbsp;پیشرفت مداوم ؛ آخرین توصیه این است که بین جلسات یادگیری خود فاصله زیادی نداشته باشید. به طور مداوم چیزهای جدیدی یاد بگیرید - هر هفته یا حتی هر روز. درست شبیه به کار کردن؛ اگر یک روز جا بزنید ، بازگشت به ریتم قبلی سخت است.</p>\r\n\r\n<p><img src=\"https://toplearn.com/img/editor/9295460409144a09ac6c83a7994d5f38.png\" /></p>\r\n\r\n<p>این ۷ مورد نکات و تجربیات افراد موفق در این زمینه بود - امیدوارم که شما بهترین راه برای یادگیری را پیدا کنید و به موفقیت های بالایی دست پیدا کنید.</p>\r\n', 'php , برنامه نویسی , لاراول , laravel', 1, '1642106984', 1),
(25, '', '', '<p>متن را وارد کنید.</p>\r\n', '', 1, '1645282956', 0);

-- --------------------------------------------------------

--
-- Table structure for table `user`
--

CREATE TABLE `user` (
  `id` int(11) NOT NULL,
  `username` varchar(255) COLLATE utf8_persian_ci NOT NULL,
  `email` varchar(255) COLLATE utf8_persian_ci NOT NULL,
  `age` int(11) NOT NULL DEFAULT 18,
  `password` varchar(255) COLLATE utf8_persian_ci NOT NULL,
  `role` int(11) NOT NULL DEFAULT 1
) ENGINE=InnoDB DEFAULT CHARSET=utf8 COLLATE=utf8_persian_ci;

--
-- Dumping data for table `user`
--

INSERT INTO `user` (`id`, `username`, `email`, `age`, `password`, `role`) VALUES
(6, 'admin', 'abolghasemi35@gmail.com', 22, '1234', 5),
(7, 'alirez', 'alo@gmail.com', 30, '1234', 4),
(9, 'admin 2', 'admin2@gmail.com', 0, '3535', 4),
(10, 'admin 3', 'admin3@gmail.com', 18, '3535', 2),
(15, 'blank email', '', 0, '1234', 1),
(18, 'dark', 'darki@gmail.com', 0, '123456', 1),
(19, 'gg', 'gg@gmail.com', 24, '1234', 1);

-- --------------------------------------------------------

--
-- Table structure for table `view`
--

CREATE TABLE `view` (
  `id` bigint(100) NOT NULL,
  `post` int(11) NOT NULL
) ENGINE=InnoDB DEFAULT CHARSET=utf8 COLLATE=utf8_persian_ci;

--
-- Dumping data for table `view`
--

INSERT INTO `view` (`id`, `post`) VALUES
(1, 1),
(2, 1),
(3, 5),
(4, 5),
(5, 5),
(6, 5),
(7, 1),
(8, 1),
(9, 1),
(10, 6),
(11, 7),
(12, 5),
(13, 6),
(14, 1),
(15, 7),
(16, 7),
(17, 7),
(18, 7),
(19, 7),
(20, 7),
(21, 7),
(22, 7),
(23, 7),
(24, 7),
(25, 7),
(26, 7),
(27, 7),
(28, 7),
(29, 7),
(30, 7),
(31, 7),
(32, 7),
(33, 7),
(34, 7),
(35, 7),
(36, 7),
(37, 7),
(38, 7),
(39, 7),
(40, 7),
(41, 7),
(42, 7),
(43, 7),
(44, 7),
(45, 7),
(46, 7),
(47, 7),
(48, 7),
(49, 7),
(50, 7),
(51, 7),
(52, 7),
(53, 7),
(54, 7),
(55, 7),
(56, 7),
(57, 7),
(58, 7),
(59, 7),
(60, 7),
(61, 7),
(62, 7),
(63, 7),
(64, 7),
(65, 7),
(66, 7),
(67, 7),
(68, 7),
(69, 7),
(70, 7),
(71, 7),
(72, 7),
(73, 7),
(74, 7),
(75, 7),
(76, 7),
(77, 7),
(78, 7),
(79, 7),
(80, 7),
(81, 7),
(82, 7),
(83, 7),
(84, 7),
(85, 7),
(86, 7),
(87, 7),
(88, 1),
(89, 1),
(90, 1),
(91, 5),
(92, 5),
(93, 7),
(94, 7),
(95, 7),
(96, 7),
(97, 7),
(98, 7),
(99, 7),
(100, 7),
(101, 7),
(102, 7),
(103, 7),
(104, 7),
(105, 1),
(106, 1),
(107, 6),
(108, 1),
(109, 1),
(110, 5),
(111, 5),
(112, 7),
(113, 8),
(114, 11),
(115, 13),
(116, 12),
(117, 11),
(118, 10),
(119, 9),
(120, 8),
(121, 7),
(122, 6),
(123, 1),
(124, 13),
(125, 9),
(126, 10),
(127, 1),
(128, 1),
(129, 1),
(130, 1),
(131, 1),
(132, 1),
(133, 1),
(134, 1),
(135, 1),
(136, 1),
(137, 1),
(138, 1),
(139, 1),
(140, 1),
(141, 1),
(142, 1),
(143, 1),
(144, 1),
(145, 1),
(146, 1),
(147, 1),
(148, 1),
(149, 1),
(150, 1),
(151, 1),
(152, 1),
(153, 1),
(154, 1),
(155, 1),
(156, 1),
(157, 1),
(158, 1),
(159, 1),
(160, 1),
(161, 1),
(162, 1),
(163, 1),
(164, 1),
(165, 1),
(166, 1),
(167, 1),
(168, 1),
(169, 1),
(170, 1),
(171, 1),
(172, 1),
(173, 1),
(174, 1),
(175, 1),
(176, 1),
(177, 1),
(178, 1),
(179, 1),
(180, 1),
(181, 1),
(182, 1),
(183, 1),
(184, 1),
(185, 1),
(186, 1),
(187, 1),
(188, 1),
(189, 1),
(190, 1),
(191, 1),
(192, 1),
(193, 1),
(194, 1),
(195, 1),
(196, 1),
(197, 1),
(198, 1),
(199, 1),
(200, 1),
(201, 1),
(202, 1),
(203, 1),
(204, 1),
(205, 1),
(206, 1),
(207, 1),
(208, 1),
(209, 1),
(210, 1),
(211, 1),
(212, 1),
(213, 1),
(214, 1),
(215, 1),
(216, 1),
(217, 1),
(218, 1),
(219, 1),
(220, 1),
(221, 1),
(222, 1),
(223, 1),
(224, 1),
(225, 1),
(226, 1),
(227, 1),
(228, 1),
(229, 1),
(230, 1),
(231, 1),
(232, 1),
(233, 1),
(234, 1),
(235, 1),
(236, 1),
(237, 1),
(238, 1),
(239, 1),
(240, 1),
(241, 1),
(242, 1),
(243, 1),
(244, 1),
(245, 1),
(246, 1),
(247, 1),
(248, 1),
(249, 1),
(250, 1),
(251, 1),
(252, 1),
(253, 1),
(254, 1),
(255, 1),
(256, 1),
(257, 1),
(258, 1),
(259, 1),
(260, 1),
(261, 13),
(262, 1),
(263, 13),
(264, 13),
(265, 12),
(266, 13),
(267, 13),
(268, 12),
(269, 13),
(270, 13),
(271, 13),
(272, 1),
(273, 12),
(274, 12),
(275, 1),
(276, 13),
(277, 13),
(278, 13),
(279, 13),
(280, 13),
(281, 13),
(282, 13),
(283, 12),
(284, 12),
(285, 12),
(286, 1),
(287, 1),
(288, 1),
(289, 1),
(290, 13),
(291, 1),
(292, 13),
(293, 9),
(294, 12),
(295, 10),
(296, 11),
(297, 1),
(298, 13),
(299, 12),
(300, 11),
(301, 11),
(302, 10),
(303, 13),
(304, 11),
(305, 9),
(306, 9),
(307, 9),
(308, 10),
(309, 12),
(310, 6),
(311, 6),
(312, 6),
(313, 1),
(314, 9),
(315, 10),
(316, 8),
(317, 1),
(318, 11),
(319, 1),
(320, 10),
(321, 10),
(322, 10),
(323, 11),
(324, 8),
(325, 8),
(326, 5),
(327, 5),
(328, 1),
(329, 1),
(330, 13),
(331, 12),
(332, 1),
(333, 9),
(334, 10),
(335, 1),
(336, 13),
(337, 10),
(338, 11),
(339, 8),
(340, 7),
(341, 7),
(342, 7),
(343, 7),
(344, 12),
(345, 1),
(346, 1),
(347, 1),
(348, 1),
(349, 1),
(350, 1),
(351, 1),
(352, 13),
(353, 11),
(354, 7),
(355, 6),
(356, 1),
(357, 12),
(358, 7),
(359, 6),
(360, 8),
(361, 12),
(362, 10),
(363, 7),
(364, 1),
(365, 10),
(366, 9),
(367, 6),
(368, 6),
(369, 13),
(370, 1),
(371, 12),
(372, 1),
(373, 1),
(374, 1),
(375, 1),
(376, 13),
(377, 12),
(378, 11),
(379, 1),
(380, 13),
(381, 12),
(382, 13),
(383, 13),
(384, 13),
(385, 9),
(386, 11),
(387, 1),
(388, 10),
(389, 6),
(390, 1),
(391, 9),
(392, 10),
(393, 12),
(394, 12),
(395, 12),
(396, 1),
(397, 12),
(398, 13),
(399, 13),
(400, 13),
(401, 9),
(402, 1),
(403, 13),
(404, 13),
(405, 13),
(406, 13),
(407, 9),
(408, 7),
(409, 1),
(410, 1),
(411, 1),
(412, 13),
(413, 1),
(414, 1),
(415, 1),
(416, 1),
(417, 1),
(418, 1),
(419, 1),
(420, 1),
(421, 1),
(422, 8),
(423, 1),
(424, 1),
(425, 1),
(426, 1),
(427, 1),
(428, 7),
(429, 5),
(430, 11),
(431, 9),
(432, 8),
(433, 7),
(434, 6),
(435, 1),
(436, 18),
(437, 18),
(438, 18),
(439, 18),
(440, 18),
(441, 18),
(442, 18),
(443, 18),
(444, 18),
(445, 18),
(446, 18),
(447, 18),
(448, 1),
(449, 1),
(450, 18),
(451, 18),
(452, 18),
(453, 18),
(454, 18),
(455, 18),
(456, 18),
(457, 18),
(458, 18),
(459, 18),
(460, 18),
(461, 18),
(462, 18),
(463, 18),
(464, 18),
(465, 21),
(466, 21),
(467, 18),
(468, 21),
(469, 1),
(470, 1),
(471, 1),
(472, 13),
(473, 12),
(474, 11),
(475, 11),
(476, 1),
(477, 1),
(478, 1),
(479, 21),
(480, 18),
(481, 21),
(482, 1),
(483, 22),
(484, 13),
(485, 1),
(486, 13),
(487, 13),
(488, 12),
(489, 12),
(490, 1),
(491, 1),
(492, 24),
(493, 1),
(494, 25),
(495, 25),
(496, 25),
(497, 1),
(498, 25),
(499, 25),
(500, 25);

-- --------------------------------------------------------

--
-- Table structure for table `vote`
--

CREATE TABLE `vote` (
  `id` int(11) NOT NULL,
  `postid` int(11) NOT NULL,
  `userid` int(11) NOT NULL,
  `vote` int(11) NOT NULL
) ENGINE=InnoDB DEFAULT CHARSET=utf8 COLLATE=utf8_persian_ci;

--
-- Dumping data for table `vote`
--

INSERT INTO `vote` (`id`, `postid`, `userid`, `vote`) VALUES
(3, 1, 6, 100),
(4, 1, 7, 40),
(5, 1, 10, 100),
(6, 13, 9, 5),
(7, 13, 9, 3),
(8, 13, 9, 3),
(9, 13, 9, 100),
(10, 13, 9, 100),
(11, 12, 9, 3),
(12, 11, 6, 4),
(13, 9, 6, 5),
(14, 6, 6, 2),
(15, 10, 6, 43),
(16, 8, 6, 32),
(17, 5, 6, 78),
(18, 7, 6, 76),
(19, 1, 7, 3),
(20, 1, 7, 4),
(21, 13, 6, 5),
(22, 12, 10, 6),
(23, 13, 10, 63),
(24, 13, 7, 6),
(25, 18, 6, 10),
(26, 18, 7, 100),
(27, 18, 9, 35),
(28, 1, 9, 36),
(29, 11, 9, 46),
(30, 25, 6, 27),
(31, 25, 10, 83);

-- --------------------------------------------------------

--
-- Table structure for table `writers`
--

CREATE TABLE `writers` (
  `id` int(11) NOT NULL,
  `name` varchar(255) COLLATE utf8_persian_ci NOT NULL
) ENGINE=InnoDB DEFAULT CHARSET=utf8 COLLATE=utf8_persian_ci;

--
-- Dumping data for table `writers`
--

INSERT INTO `writers` (`id`, `name`) VALUES
(1, 'علیرضا ابوالقاسمی'),
(11, 'عرشیا شیرازی');

--
-- Indexes for dumped tables
--

--
-- Indexes for table `comments`
--
ALTER TABLE `comments`
  ADD PRIMARY KEY (`id`),
  ADD KEY `postid` (`postid`),
  ADD KEY `iduser` (`iduser`);

--
-- Indexes for table `contact`
--
ALTER TABLE `contact`
  ADD PRIMARY KEY (`id`);

--
-- Indexes for table `judge`
--
ALTER TABLE `judge`
  ADD PRIMARY KEY (`id`),
  ADD KEY `userid` (`userid`);

--
-- Indexes for table `menu`
--
ALTER TABLE `menu`
  ADD PRIMARY KEY (`id`);

--
-- Indexes for table `post`
--
ALTER TABLE `post`
  ADD PRIMARY KEY (`id`),
  ADD KEY `writer` (`writer`);

--
-- Indexes for table `user`
--
ALTER TABLE `user`
  ADD PRIMARY KEY (`id`);

--
-- Indexes for table `view`
--
ALTER TABLE `view`
  ADD PRIMARY KEY (`id`);

--
-- Indexes for table `vote`
--
ALTER TABLE `vote`
  ADD PRIMARY KEY (`id`),
  ADD KEY `userid` (`userid`);

--
-- Indexes for table `writers`
--
ALTER TABLE `writers`
  ADD PRIMARY KEY (`id`);

--
-- AUTO_INCREMENT for dumped tables
--

--
-- AUTO_INCREMENT for table `comments`
--
ALTER TABLE `comments`
  MODIFY `id` int(11) NOT NULL AUTO_INCREMENT, AUTO_INCREMENT=21;

--
-- AUTO_INCREMENT for table `contact`
--
ALTER TABLE `contact`
  MODIFY `id` int(11) NOT NULL AUTO_INCREMENT, AUTO_INCREMENT=2;

--
-- AUTO_INCREMENT for table `judge`
--
ALTER TABLE `judge`
  MODIFY `id` int(11) NOT NULL AUTO_INCREMENT, AUTO_INCREMENT=13;

--
-- AUTO_INCREMENT for table `menu`
--
ALTER TABLE `menu`
  MODIFY `id` int(11) NOT NULL AUTO_INCREMENT, AUTO_INCREMENT=21;

--
-- AUTO_INCREMENT for table `post`
--
ALTER TABLE `post`
  MODIFY `id` int(11) NOT NULL AUTO_INCREMENT, AUTO_INCREMENT=26;

--
-- AUTO_INCREMENT for table `user`
--
ALTER TABLE `user`
  MODIFY `id` int(11) NOT NULL AUTO_INCREMENT, AUTO_INCREMENT=20;

--
-- AUTO_INCREMENT for table `view`
--
ALTER TABLE `view`
  MODIFY `id` bigint(100) NOT NULL AUTO_INCREMENT, AUTO_INCREMENT=501;

--
-- AUTO_INCREMENT for table `vote`
--
ALTER TABLE `vote`
  MODIFY `id` int(11) NOT NULL AUTO_INCREMENT, AUTO_INCREMENT=32;

--
-- AUTO_INCREMENT for table `writers`
--
ALTER TABLE `writers`
  MODIFY `id` int(11) NOT NULL AUTO_INCREMENT, AUTO_INCREMENT=12;

--
-- Constraints for dumped tables
--

--
-- Constraints for table `comments`
--
ALTER TABLE `comments`
  ADD CONSTRAINT `comments_ibfk_1` FOREIGN KEY (`postid`) REFERENCES `post` (`id`),
  ADD CONSTRAINT `comments_ibfk_2` FOREIGN KEY (`iduser`) REFERENCES `user` (`id`);

--
-- Constraints for table `judge`
--
ALTER TABLE `judge`
  ADD CONSTRAINT `judge_ibfk_1` FOREIGN KEY (`userid`) REFERENCES `user` (`id`);

--
-- Constraints for table `post`
--
ALTER TABLE `post`
  ADD CONSTRAINT `post_ibfk_1` FOREIGN KEY (`writer`) REFERENCES `writers` (`id`);

--
-- Constraints for table `vote`
--
ALTER TABLE `vote`
  ADD CONSTRAINT `vote_ibfk_1` FOREIGN KEY (`userid`) REFERENCES `user` (`id`);
COMMIT;

/*!40101 SET CHARACTER_SET_CLIENT=@OLD_CHARACTER_SET_CLIENT */;
/*!40101 SET CHARACTER_SET_RESULTS=@OLD_CHARACTER_SET_RESULTS */;
/*!40101 SET COLLATION_CONNECTION=@OLD_COLLATION_CONNECTION */;
